Date,Open,High,Low,Close,Volume,Change
2018-12-07,6000,7800,4850,4935,17930448,
2018-12-10,4800,6410,4470,6410,10693636,0.298885511651469
2018-12-11,6060,7700,5640,6590,14625812,0.0280811232449298
2018-12-12,6480,7200,6320,6620,5869099,0.0045523520485584
2018-12-13,6590,6990,6400,6490,2552588,-0.0196374622356495
2018-12-14,6360,6370,5820,5830,1350465,-0.1016949152542372
2018-12-17,5800,6700,5490,5850,3638233,0.0034305317324185
2018-12-18,6030,6420,5650,5690,2727937,-0.0273504273504273
2018-12-19,5820,5990,5400,5460,963885,-0.0404217926186292
2018-12-20,5380,5780,5150,5220,785341,-0.0439560439560439
2018-12-21,5220,5840,5120,5380,1861356,0.0306513409961686
2018-12-24,5360,5890,5330,5500,2291125,0.0223048327137547
2018-12-26,5380,5720,5320,5610,1015061,0.02
2018-12-27,5560,6410,5520,5740,4297333,0.0231729055258467
2018-12-28,5870,5970,5630,5730,1284169,-0.0017421602787456
2019-01-02,5810,5930,5550,5550,778357,-0.031413612565445
2019-01-03,5620,5630,5160,5160,514617,-0.0702702702702702
2019-01-04,5100,5210,4890,5010,436712,-0.0290697674418605
2019-01-07,5260,5430,5120,5160,630109,0.0299401197604789
2019-01-08,5120,5230,4870,4910,464046,-0.0484496124031007
2019-01-09,4910,5030,4880,4880,242773,-0.0061099796334012
2019-01-10,4930,5030,4825,4965,418468,0.0174180327868851
2019-01-11,4965,5110,4885,4905,366739,-0.0120845921450151
2019-01-14,4910,4920,4725,4770,207145,-0.0275229357798164
2019-01-15,4775,5070,4735,4840,580258,0.0146750524109013
2019-01-16,4860,4940,4760,4760,207500,-0.0165289256198346
2019-01-17,4800,4800,4510,4535,247543,-0.0472689075630252
2019-01-18,4535,4625,4510,4530,122941,-0.0011025358324145
2019-01-21,4580,4640,4510,4535,152457,0.0011037527593817
2019-01-22,4535,5040,4530,4750,1074183,0.0474090407938259
2019-01-23,4780,4955,4705,4720,415144,-0.0063157894736841
2019-01-24,4785,4785,4670,4690,127022,-0.0063559322033898
2019-01-25,4730,4775,4680,4690,105677,0.0
2019-01-28,4685,4820,4585,4600,274420,-0.0191897654584222
2019-01-29,4600,4695,4560,4570,117238,-0.0065217391304347
2019-01-30,4570,4640,4530,4550,123190,-0.0043763676148796
2019-01-31,4640,4640,4520,4560,116843,0.0021978021978021
2019-02-01,4540,4580,4520,4530,91510,-0.006578947368421
2019-02-07,4590,4590,4490,4505,69498,-0.0055187637969095
2019-02-08,4510,4640,4470,4515,103527,0.002219755826859
2019-02-11,4615,4665,4550,4590,110914,0.0166112956810631
2019-02-12,4590,4620,4545,4560,69700,-0.0065359477124182
2019-02-13,4600,4670,4570,4620,105205,0.013157894736842
2019-02-14,4650,4725,4640,4715,185116,0.0205627705627706
2019-02-15,4715,4715,4620,4620,113937,-0.0201484623541887
2019-02-18,4650,4705,4580,4610,82060,-0.0021645021645021
2019-02-19,4610,4690,4610,4665,87871,0.0119305856832971
2019-02-20,4685,4705,4645,4665,90373,0.0
2019-02-21,4670,4770,4635,4770,284269,0.022508038585209
2019-02-22,5050,6200,5020,5080,8832543,0.0649895178197064
2019-02-25,5080,5360,5050,5140,693235,0.0118110236220472
2019-02-26,5240,6050,5050,5550,5896259,0.0797665369649804
2019-02-27,5490,5900,5410,5480,1546407,-0.0126126126126125
2019-02-28,5920,6450,5330,5560,3345621,0.0145985401459853
2019-03-04,5570,5890,5570,5760,690489,0.0359712230215827
2019-03-05,5760,5810,5340,5470,949575,-0.0503472222222222
2019-03-06,5470,5530,5310,5370,641602,-0.0182815356489944
2019-03-07,5430,5500,5140,5160,426299,-0.0391061452513966
2019-03-08,5190,5490,5110,5300,504999,0.0271317829457364
2019-03-11,5300,5340,5120,5200,190557,-0.0188679245283018
2019-03-12,5210,5550,5200,5530,514468,0.0634615384615384
2019-03-13,5550,5570,5250,5290,296345,-0.0433996383363471
2019-03-14,5300,5380,5210,5210,197157,-0.0151228733459357
2019-03-15,5190,5260,4905,5000,299640,-0.0403071017274472
2019-03-18,4955,5110,4945,5050,134591,0.01
2019-03-19,5090,5100,4970,5030,143334,-0.0039603960396039
2019-03-20,5090,5120,4910,4945,121556,-0.0168986083499006
2019-03-21,5000,5100,4945,4995,118774,0.0101112234580384
2019-03-22,5130,5210,5040,5190,214440,0.0390390390390389
2019-03-25,5070,5110,5020,5070,116350,-0.0231213872832369
2019-03-26,5070,5190,5050,5100,118116,0.0059171597633136
2019-03-27,5170,5300,5030,5300,184148,0.0392156862745098
2019-03-28,5280,5390,5170,5190,270701,-0.020754716981132
2019-03-29,5190,5240,5050,5110,122098,-0.0154142581888246
2019-04-01,5070,5220,5070,5160,92518,0.009784735812133
2019-04-02,5240,5460,5160,5400,431918,0.0465116279069768
2019-04-03,5430,5430,5290,5330,138323,-0.0129629629629629
2019-04-04,5330,5360,5190,5240,201229,-0.0168855534709193
2019-04-05,5240,5270,5150,5200,180941,-0.0076335877862595
2019-04-08,5220,5320,5200,5280,148610,0.0153846153846153
2019-04-09,5330,5340,5200,5200,127115,-0.0151515151515151
2019-04-10,5200,5200,5110,5180,107284,-0.0038461538461538
2019-04-11,5180,5360,5170,5270,191831,0.0173745173745174
2019-04-12,5280,5290,5200,5230,77349,-0.0075901328273244
2019-04-15,5270,5270,5150,5220,130534,-0.0019120458891013
2019-04-16,5170,5250,5070,5190,135198,-0.0057471264367816
2019-04-17,5130,5200,5080,5140,66220,-0.0096339113680153
2019-04-18,5250,5900,5250,5520,2540821,0.0739299610894941
2019-04-19,5460,5680,5400,5670,594641,0.0271739130434782
2019-04-22,5610,5710,5510,5620,325756,-0.0088183421516755
2019-04-23,5560,5640,5520,5610,148675,-0.001779359430605
2019-04-24,5640,5680,5400,5400,235515,-0.0374331550802139
2019-04-25,5370,5400,5130,5140,182308,-0.0481481481481481
2019-04-26,5180,5260,5120,5190,97501,0.0097276264591439
2019-04-29,5190,5290,5140,5210,60439,0.0038535645472062
2019-04-30,5190,5280,5130,5240,69748,0.0057581573896352
2019-05-02,5260,5310,5140,5200,78731,-0.0076335877862595
2019-05-03,5330,5590,5290,5530,266995,0.0634615384615384
2019-05-07,5410,5650,5350,5650,169434,0.0216998191681736
2019-05-08,5590,5600,5450,5450,221534,-0.0353982300884956
2019-05-09,5450,5530,5140,5200,216708,-0.0458715596330274
2019-05-10,5170,6760,5040,6760,7622624,0.3
2019-05-13,6800,7120,6020,6180,3503056,-0.0857988165680473
2019-05-14,5930,6320,5720,6060,2081620,-0.0194174757281553
2019-05-15,6080,6260,5940,6100,1223406,0.0066006600660066
2019-05-16,6000,6200,5820,6200,856968,0.0163934426229508
2019-05-17,6220,6420,5890,5890,858865,-0.05
2019-05-20,5870,6000,5730,5770,277746,-0.0203735144312393
2019-05-21,5770,6070,5770,5930,417164,0.0277296360485268
2019-05-22,5900,6400,5730,5760,1141927,-0.0286677908937605
2019-05-23,5750,5850,5400,5460,312252,-0.0520833333333333
2019-05-24,5460,5590,5140,5160,294281,-0.0549450549450549
2019-05-27,5180,5330,5170,5230,158905,0.0135658914728682
2019-05-28,5230,5290,5140,5240,119010,0.0019120458891013
2019-05-29,5290,5520,5240,5440,309972,0.0381679389312976
2019-05-30,5410,5540,5360,5440,190703,0.0
2019-05-31,5580,6190,5510,6030,2029105,0.1084558823529411
2019-06-03,6070,6430,6070,6250,743109,0.0364842454394693
2019-06-04,6220,6420,6150,6360,249014,0.0176
2019-06-05,6320,6620,6310,6560,246359,0.0314465408805031
2019-06-07,6570,6950,6560,6900,256418,0.0518292682926828
2019-06-10,6940,7410,6710,7300,364690,0.0579710144927536
2019-06-11,7400,8000,7400,7700,576496,0.0547945205479452
2019-06-12,7700,8950,7700,8580,1370065,0.1142857142857143
2019-06-13,8610,8940,8450,8810,449049,0.0268065268065267
2019-06-14,8830,9390,7950,8290,612285,-0.0590238365493757
2019-06-17,8310,9380,8310,9170,442816,0.1061519903498191
2019-06-18,8980,9050,8630,8850,243925,-0.034896401308615
2019-06-19,8940,11000,8940,9620,1514577,0.0870056497175142
2019-06-20,9620,10400,9480,9830,620326,0.0218295218295219
2019-06-21,9810,9920,9550,9830,163795,0.0
2019-06-24,9830,10500,9600,10350,243399,0.0528992878942014
2019-06-25,10400,12400,10400,11900,843634,0.1497584541062802
2019-06-26,11850,12900,11550,12600,546919,0.0588235294117647
2019-06-27,12600,13550,12500,13100,345771,0.0396825396825397
2019-06-28,13350,13750,12850,13050,198590,-0.0038167938931297
2019-07-01,12800,13350,12500,13000,153492,-0.0038314176245211
2019-07-02,13100,13100,11550,12300,366778,-0.0538461538461538
2019-07-03,12300,13200,12150,12900,163871,0.048780487804878
2019-07-04,12850,14600,12850,13800,401552,0.069767441860465
2019-07-05,13850,14150,13500,14000,117096,0.0144927536231884
2019-07-08,14000,14550,13950,14350,117578,0.0249999999999999
2019-07-09,14600,16050,14600,15300,550086,0.0662020905923344
2019-07-10,15300,15700,13800,14700,335207,-0.0392156862745097
2019-07-11,14750,15500,14600,15500,143654,0.054421768707483
2019-07-12,15900,15900,14900,15300,161815,-0.0129032258064516
2019-07-15,15500,15500,13250,13500,379633,-0.1176470588235294
2019-07-16,13450,13450,10100,10300,1783120,-0.237037037037037
2019-07-17,10650,11450,10300,11200,860294,0.0873786407766989
2019-07-18,10950,12000,10900,11650,304938,0.0401785714285714
2019-07-19,11700,13350,11700,13050,596953,0.1201716738197424
2019-07-22,13050,13650,13000,13150,176349,0.0076628352490422
2019-07-23,13150,13350,12300,13050,203589,-0.0076045627376425
2019-07-24,13050,14050,13000,13950,196887,0.0689655172413792
2019-07-25,14200,15200,14050,15100,256596,0.082437275985663
2019-07-26,15100,15300,10600,10600,1332287,-0.2980132450331125
2019-07-29,10300,10600,8340,8620,1459372,-0.1867924528301886
2019-07-30,8600,9010,8400,8760,488982,0.0162412993039442
2019-07-31,8530,8900,8230,8900,411797,0.0159817351598172
2019-08-01,8650,9200,8650,9190,293120,0.0325842696629212
2019-08-02,8960,9060,8500,8500,324533,-0.0750816104461371
2019-08-05,8390,8390,5950,6030,1916392,-0.2905882352941176
2019-08-06,5780,6870,5430,6400,1180825,0.0613598673300166
2019-08-07,6400,7140,6360,6880,467102,0.0749999999999999
2019-08-08,6850,7300,6450,7120,322068,0.0348837209302326
2019-08-09,7150,7500,7090,7420,227133,0.0421348314606742
2019-08-12,7380,8640,7380,7950,629469,0.0714285714285714
2019-08-13,7950,8740,7830,8550,445948,0.0754716981132075
2019-08-14,8550,8990,7450,7540,813426,-0.1181286549707602
2019-08-16,7390,8100,7270,7920,252887,0.0503978779840847
2019-08-19,7930,8390,7520,7650,163283,-0.034090909090909
2019-08-20,7620,7950,7600,7650,92554,0.0
2019-08-21,7740,8690,7600,8650,440799,0.130718954248366
2019-08-22,8650,8750,8200,8570,187332,-0.0092485549132947
2019-08-23,8440,8440,8000,8300,147218,-0.0315052508751458
2019-08-26,8110,8320,7880,7980,105498,-0.0385542168674698
2019-08-27,8280,8420,8060,8210,80237,0.0288220551378446
2019-08-28,8120,8650,8120,8360,110477,0.0182704019488428
2019-08-29,8360,8490,8050,8140,67283,-0.0263157894736841
2019-08-30,8140,8380,8140,8300,81178,0.0196560196560195
2019-09-02,8300,8670,8200,8570,121311,0.0325301204819277
2019-09-03,8700,9000,8580,8890,97965,0.0373395565927654
2019-09-04,8990,9040,8720,8830,76126,-0.0067491563554555
2019-09-05,8940,8940,8560,8680,93724,-0.0169875424688561
2019-09-06,8680,8680,8340,8530,92337,-0.0172811059907833
2019-09-09,8450,8720,8400,8700,46896,0.0199296600234466
2019-09-10,8790,8790,8510,8550,40438,-0.0172413793103448
2019-09-11,8500,8750,8500,8740,36796,0.0222222222222221
2019-09-16,8740,9600,8650,9470,194063,0.0835240274599542
2019-09-17,9460,9960,9300,9650,252490,0.0190073917634636
2019-09-18,9650,9740,9210,9400,158551,-0.0259067357512953
2019-09-19,8500,9100,8500,8790,220139,-0.0648936170212766
2019-09-20,8790,8880,8330,8360,201131,-0.0489192263936291
2019-09-23,8250,8470,8220,8450,58014,0.0107655502392345
2019-09-24,8390,8550,8360,8470,32462,0.0023668639053253
2019-09-25,8180,8440,7960,8130,84265,-0.0401416765053128
2019-09-26,8030,8420,7790,7940,91488,-0.023370233702337
2019-09-27,7940,8010,7440,7600,105975,-0.0428211586901763
2019-09-30,7600,7790,7220,7780,94117,0.0236842105263157
2019-10-01,7700,7940,7640,7890,70763,0.0141388174807197
2019-10-02,7740,8400,7500,8400,133093,0.0646387832699619
2019-10-04,8380,8520,8250,8380,102255,-0.0023809523809523
2019-10-07,8370,8740,8150,8520,186823,0.0167064439140811
2019-10-08,8470,8800,8310,8780,146627,0.0305164319248827
2019-10-10,8780,9250,8710,9080,123879,0.0341685649202734
2019-10-11,9080,9280,9050,9190,91923,0.0121145374449338
2019-10-14,9190,9370,9130,9180,84179,-0.001088139281828
2019-10-15,9190,9680,9140,9650,201720,0.0511982570806099
2019-10-16,9650,10200,9590,9920,290248,0.0279792746113989
2019-10-17,9900,10050,9800,9880,87697,-0.0040322580645161
2019-10-18,10000,10450,9950,10050,108993,0.0172064777327936
2019-10-21,10150,10300,9870,10100,119600,0.0049751243781095
2019-10-22,10050,10800,10050,10650,219616,0.0544554455445545
2019-10-23,10650,11050,10250,10300,204026,-0.0328638497652582
2019-10-24,10050,10100,8400,8690,633877,-0.1563106796116504
2019-10-25,8610,9250,8610,9140,141419,0.051783659378596
2019-10-28,9060,10950,9060,9640,424672,0.0547045951859956
2019-10-29,9700,9720,9470,9610,56900,-0.0031120331950207
2019-10-30,9610,9700,9490,9520,35825,-0.0093652445369406
2019-10-31,9650,9650,8860,9340,115531,-0.0189075630252101
2019-11-01,9340,9470,9150,9370,26849,0.0032119914346895
2019-11-04,9510,9510,9200,9270,27412,-0.0106723585912487
2019-11-05,9350,9490,9000,9200,82020,-0.0075512405609492
2019-11-06,9220,9290,9070,9100,24527,-0.0108695652173913
2019-11-07,8800,9190,8640,8700,107194,-0.0439560439560439
2019-11-08,8800,8800,8480,8590,70577,-0.0126436781609194
2019-11-11,8510,8900,8510,8850,54818,0.030267753201397
2019-11-12,8850,9290,8610,8770,31259,-0.0090395480225988
2019-11-13,8820,8860,8660,8820,24478,0.0057012542759407
2019-11-14,8870,8870,8580,8830,51326,0.0011337868480725
2019-11-15,8880,8880,8520,8670,18884,-0.0181200453001132
2019-11-18,8760,8800,8450,8720,31186,0.0057670126874278
2019-11-19,8770,8770,8390,8720,61019,0.0
2019-11-20,8660,8720,7870,8030,145401,-0.0791284403669725
2019-11-21,8030,8160,7900,7900,36936,-0.0161892901618928
2019-11-22,7800,8340,7800,8080,33946,0.0227848101265821
2019-11-25,8000,8560,7990,8430,45078,0.0433168316831682
2019-11-26,8320,8420,8130,8240,29105,-0.0225385527876631
2019-11-27,8240,8280,7820,7820,101955,-0.0509708737864077
2019-11-28,7870,8030,7740,7780,56702,-0.0051150895140664
2019-11-29,7810,7910,7550,7580,74576,-0.025706940874036
2019-12-02,7580,7810,7350,7350,54750,-0.0303430079155673
2019-12-03,7310,7590,7300,7590,47818,0.0326530612244897
2019-12-04,7450,7730,7370,7500,33229,-0.0118577075098814
2019-12-05,7400,7580,7300,7450,72785,-0.0066666666666667
2019-12-06,7320,7530,7320,7410,28521,-0.0053691275167785
2019-12-09,7170,8160,7170,7850,118791,0.059379217273954
2019-12-10,7840,7840,7240,7730,25833,-0.0152866242038216
2019-12-11,7700,7970,7630,7730,13828,0.0
2019-12-12,7710,7710,7070,7210,301931,-0.0672703751617076
2019-12-13,7300,7300,7010,7200,78215,-0.001386962552011
2019-12-16,7260,7380,7040,7250,127348,0.0069444444444444
2019-12-17,7250,7640,7250,7300,65307,0.0068965517241379
2019-12-18,7350,7350,7120,7180,42344,-0.0164383561643836
2019-12-19,7230,7230,6920,6920,150064,-0.0362116991643454
2019-12-20,6970,7250,6890,7100,76034,0.0260115606936415
2019-12-23,7050,7210,7050,7140,40072,0.0056338028169014
2019-12-24,7140,7200,7090,7120,26622,-0.0028011204481792
2019-12-26,7100,7260,7060,7200,70976,0.0112359550561798
2019-12-27,7130,7180,7100,7130,36738,-0.0097222222222221
2019-12-30,7120,7190,7070,7130,21308,0.0
2020-01-02,7160,7260,7000,7200,66633,0.0098176718092566
2020-01-03,7240,7490,7180,7430,129459,0.0319444444444445
2020-01-06,7380,7380,7230,7250,97547,-0.0242261103633916
2020-01-07,7330,7500,7240,7500,64631,0.0344827586206897
2020-01-08,7500,7500,6800,6890,221021,-0.0813333333333333
2020-01-09,7070,7070,6920,6930,48971,0.0058055152394775
2020-01-10,6970,6990,6880,6880,18895,-0.0072150072150072
2020-01-13,6850,6910,6710,6780,58418,-0.0145348837209302
2020-01-14,6790,6930,6770,6810,23956,0.0044247787610618
2020-01-15,6810,7110,6780,7000,46550,0.0279001468428781
2020-01-16,7000,7410,7000,7090,114274,0.0128571428571429
2020-01-17,7170,7360,7150,7300,56219,0.0296191819464033
2020-01-20,7300,7340,7100,7120,52265,-0.0246575342465753
2020-01-21,7060,7950,7060,7530,336996,0.0575842696629214
2020-01-22,7460,7770,7460,7610,114937,0.0106241699867197
2020-01-23,7620,7730,7450,7660,77465,0.0065703022339027
2020-01-28,7250,7600,7200,7300,63657,-0.0469973890339425
2020-01-29,7270,7400,7190,7260,52770,-0.0054794520547944
2020-01-30,6970,7300,6970,7210,79830,-0.0068870523415978
2020-01-31,7210,7790,7140,7790,140349,0.0804438280166435
2020-02-03,7320,7680,7320,7520,72081,-0.0346598202824133
2020-02-04,7470,7900,7470,7800,49894,0.0372340425531914
2020-02-05,7800,8120,7800,8090,116337,0.0371794871794872
2020-02-06,8130,8290,7960,8090,109805,0.0
2020-02-07,8100,8180,7930,8060,51294,-0.003708281829419
2020-02-10,8000,8530,7980,8490,126279,0.053349875930521
2020-02-11,8480,8870,8420,8670,111113,0.0212014134275617
2020-02-12,8770,8770,8100,8170,313983,-0.057670126874279
2020-02-13,8200,8380,8040,8200,169632,0.0036719706242349
2020-02-14,8200,8640,8190,8540,172304,0.0414634146341463
2020-02-17,8490,8730,8300,8450,108420,-0.0105386416861826
2020-02-18,8460,8680,8370,8370,119926,-0.0094674556213018
2020-02-19,8390,9000,8370,8850,142195,0.0573476702508961
2020-02-20,8850,9650,8850,9600,256054,0.0847457627118644
2020-02-21,9500,9800,9120,9700,237489,0.0104166666666667
2020-02-24,9500,9700,9150,9350,174261,-0.0360824742268041
2020-02-25,9210,9700,9000,9650,195740,0.0320855614973261
2020-02-26,9400,9700,9400,9600,155928,-0.005181347150259
2020-02-27,9500,9500,6880,7210,2155134,-0.2489583333333332
2020-02-28,7080,7670,6830,7100,333818,-0.015256588072122
2020-03-02,7080,7470,7010,7460,177834,0.0507042253521126
2020-03-03,7650,7730,7510,7730,148058,0.0361930294906165
2020-03-04,7600,8380,7600,8300,210779,0.073738680465718
2020-03-05,8370,8370,7650,7740,141379,-0.0674698795180722
2020-03-06,7750,8190,7560,8120,76038,0.049095607235142
2020-03-09,8000,8000,7620,7680,96470,-0.0541871921182266
2020-03-10,7220,7760,7220,7600,44286,-0.0104166666666666
2020-03-11,7610,7680,7360,7540,62193,-0.0078947368421052
2020-03-12,7620,7640,7420,7540,81398,0.0
2020-03-13,7390,7530,6990,7300,74865,-0.0318302387267904
2020-03-16,7390,7390,7150,7150,36631,-0.0205479452054794
2020-03-17,6700,7590,6700,7380,38584,0.0321678321678322
2020-03-18,7310,7460,7180,7250,21097,-0.0176151761517615
2020-03-19,7290,7290,6890,7050,107381,-0.0275862068965517
2020-03-20,7050,7570,7050,7350,42515,0.0425531914893617
2020-03-23,7350,7350,6910,7180,27854,-0.0231292517006802
2020-03-24,7180,7380,7170,7280,36172,0.0139275766016713
2020-03-25,7300,7650,7230,7410,77858,0.0178571428571427
2020-03-26,7420,7710,7420,7540,99552,0.0175438596491228
2020-03-27,7680,7800,7270,7450,65347,-0.0119363395225464
2020-03-30,7450,7490,7180,7480,31826,0.0040268456375838
2020-03-31,7480,7670,7360,7670,108709,0.0254010695187165
2020-04-01,7910,8180,7520,7670,98319,0.0
2020-04-02,7670,7700,7210,7540,32522,-0.0169491525423728
2020-04-03,7650,7650,7380,7400,19756,-0.0185676392572944
2020-04-06,7510,7520,7300,7430,24704,0.0040540540540541
2020-04-07,7500,7550,7300,7310,60554,-0.0161507402422611
2020-04-08,7310,7410,7070,7250,92095,-0.0082079343365253
2020-04-09,7280,7850,7190,7620,278717,0.0510344827586206
2020-04-10,7690,7690,7050,7350,117052,-0.0354330708661417
2020-04-13,7350,7350,6750,6900,225992,-0.0612244897959183
2020-04-14,6880,6920,6540,6730,226015,-0.0246376811594203
2020-04-16,6850,7000,6690,6950,136366,0.0326894502228827
2020-04-17,6950,7080,6820,6950,102270,0.0
2020-04-20,7030,7280,6900,6990,217458,0.0057553956834532
2020-04-21,7000,7000,6400,6780,137907,-0.0300429184549356
2020-04-22,6630,6800,6500,6780,59512,0.0
2020-04-23,6810,6810,6640,6690,90915,-0.0132743362831858
2020-04-24,6710,6770,6340,6380,139006,-0.046337817638266
2020-04-27,6380,6570,6310,6390,92955,0.0015673981191222
2020-04-28,6380,6490,6290,6420,58937,0.0046948356807512
2020-04-29,6430,6540,6410,6430,65783,0.0015576323987538
2020-05-04,6360,6540,6350,6500,39207,0.0108864696734058
2020-05-06,6540,6760,6530,6710,99887,0.0323076923076923
2020-05-07,6750,6760,6640,6700,34620,-0.0014903129657227
2020-05-08,6750,6990,6710,6940,53045,0.0358208955223879
2020-05-11,7120,7420,6990,7310,256886,0.0533141210374639
2020-05-12,7410,7410,7000,7060,97183,-0.0341997264021888
2020-05-13,7170,7170,6940,6940,48871,-0.0169971671388101
2020-05-14,7010,7050,6750,6800,75124,-0.0201729106628242
2020-05-15,6780,6800,6550,6600,85449,-0.0294117647058823
2020-05-18,6790,6790,6430,6560,52680,-0.0060606060606061
2020-05-19,6590,6830,6550,6750,41461,0.0289634146341464
2020-05-20,6750,6750,6490,6600,116303,-0.0222222222222222
2020-05-21,6600,6900,6550,6660,59954,0.009090909090909
2020-05-22,6690,6700,6520,6580,58335,-0.0120120120120119
2020-05-25,6610,6610,6500,6570,40419,-0.0015197568389058
2020-05-26,6580,6600,6520,6590,26066,0.0030441400304415
2020-05-27,6630,6770,6550,6600,66885,0.0015174506828528
2020-05-28,6620,6700,6460,6460,65598,-0.0212121212121212
2020-05-29,6450,6570,6450,6540,31162,0.0123839009287924
2020-06-01,6540,6790,6500,6660,47544,0.0183486238532109
2020-06-02,6670,6720,6610,6670,41238,0.0015015015015014
2020-06-03,6670,6720,6580,6700,39083,0.0044977511244377
2020-06-04,6690,6840,6660,6710,53410,0.0014925373134329
2020-06-05,6720,6860,6670,6860,66316,0.0223546944858419
2020-06-08,7090,7280,6800,6900,131852,0.0058309037900874
2020-06-09,6900,6910,6430,6780,67516,-0.017391304347826
2020-06-10,6760,6820,6680,6790,32704,0.0014749262536872
2020-06-11,6740,6810,6600,6690,71184,-0.0147275405007363
2020-06-12,6480,6530,6150,6390,50784,-0.0448430493273542
2020-06-15,6300,6460,5940,5940,79060,-0.0704225352112676
2020-06-16,5810,6170,5810,6100,41068,0.026936026936027
2020-06-17,6100,6170,5910,6000,39739,-0.0163934426229508
2020-06-18,6050,6130,6010,6130,14841,0.0216666666666667
2020-06-19,6170,6170,6000,6090,15159,-0.0065252854812397
2020-06-22,6090,6110,5950,5980,27877,-0.0180623973727421
2020-06-23,6010,6150,5870,6070,50545,0.0150501672240803
2020-06-24,6150,6150,5980,6050,11556,-0.0032948929159802
2020-06-25,6040,6040,5920,5940,13881,-0.0181818181818181
2020-06-26,5930,6190,5900,5980,27529,0.0067340067340067
2020-06-29,5850,5970,5840,5870,12522,-0.0183946488294314
2020-06-30,5900,5930,5730,5730,19988,-0.0238500851788756
2020-07-01,5810,5810,5520,5520,23992,-0.0366492146596858
2020-07-02,5530,5620,5470,5490,28063,-0.0054347826086956
2020-07-03,5520,5600,5390,5400,29549,-0.0163934426229508
2020-07-06,5400,5600,5390,5460,73662,0.011111111111111
2020-07-07,5570,5570,5380,5540,54863,0.0146520146520146
2020-07-08,5530,5670,5420,5670,25920,0.023465703971119
2020-07-09,5670,5930,5650,5920,77112,0.0440917107583773
2020-07-10,5920,5950,5860,5880,25048,-0.0067567567567567
2020-07-13,5890,6030,5800,6000,28414,0.0204081632653061
2020-07-14,5980,6150,5980,6010,26398,0.0016666666666667
2020-07-15,6000,6210,6000,6170,35581,0.0266222961730449
2020-07-16,6120,6320,6100,6190,36610,0.0032414910858995
2020-07-17,6270,6270,6130,6210,13369,0.0032310177705976
2020-07-20,6210,6220,6100,6160,30261,-0.0080515297906602
2020-07-21,6110,6180,6090,6140,36822,-0.0032467532467532
2020-07-22,6110,6210,6110,6170,21814,0.004885993485342
2020-07-23,6170,6180,6100,6130,25074,-0.0064829821717989
2020-07-24,6130,6290,6090,6150,44595,0.0032626427406199
2020-07-27,6140,6350,6140,6230,28717,0.0130081300813007
2020-07-28,6190,6320,6160,6200,15450,-0.0048154093097912
2020-07-29,6200,6230,6120,6210,21253,0.0016129032258065
2020-07-30,6220,6310,6150,6270,23405,0.0096618357487923
2020-07-31,6210,6280,6180,6210,5788,-0.0095693779904306
2020-08-03,6220,6240,6020,6110,31102,-0.0161030595813204
2020-08-04,6070,6150,6050,6100,10811,-0.0016366612111292
2020-08-05,6100,6250,6100,6190,25673,0.0147540983606557
2020-08-06,6230,6230,6070,6160,24545,-0.0048465266558965
2020-08-07,6240,6240,6040,6200,21927,0.0064935064935065
2020-08-10,6170,6240,6050,6070,17270,-0.0209677419354838
2020-08-11,6140,6140,6050,6130,14202,0.0098846787479407
2020-08-12,6170,6170,6000,6090,47026,-0.0065252854812397
2020-08-13,6090,6500,6070,6400,101603,0.0509031198686371
2020-08-14,6490,6500,6390,6430,65728,0.0046874999999999
2020-08-18,6490,6490,6110,6270,67599,-0.0248833592534992
2020-08-19,6200,6570,6200,6560,72098,0.0462519936204146
2020-08-20,6560,6600,6280,6560,90428,0.0
2020-08-21,6480,8280,6470,6930,2050841,0.0564024390243902
2020-08-24,6900,7210,6690,6900,403740,-0.0043290043290042
2020-08-25,6870,6910,6560,6670,323192,-0.0333333333333333
2020-08-26,6760,6800,6480,6510,226723,-0.0239880059970014
2020-08-27,6510,6510,6130,6180,293169,-0.0506912442396313
2020-08-28,6180,6280,6160,6230,73882,0.0080906148867314
2020-08-31,6240,6360,6030,6110,145422,-0.0192616372391652
2020-09-01,6100,6210,6080,6180,33590,0.0114566284779051
2020-09-02,6180,6250,6110,6230,45423,0.0080906148867314
2020-09-03,6270,6270,6150,6190,42343,-0.0064205457463883
2020-09-04,6000,6210,6000,6130,50015,-0.0096930533117932
2020-09-07,6130,6300,6080,6250,64947,0.0195758564437193
2020-09-08,6290,6360,6200,6220,68212,-0.0048
2020-09-09,6150,6450,6110,6350,86664,0.0209003215434082
2020-09-10,6400,7860,6310,6700,2828202,0.0551181102362203
2020-09-11,6630,6750,6410,6560,377427,-0.0208955223880596
2020-09-14,6630,7780,6560,7080,3271536,0.0792682926829269
2020-09-15,7010,7020,6760,6910,380121,-0.0240112994350282
2020-09-16,6870,7020,6810,6840,160612,-0.0101302460202604
2020-09-17,6830,6920,6610,6610,110947,-0.033625730994152
2020-09-18,6610,6690,6490,6580,56347,-0.0045385779122542
2020-09-21,6500,6770,6470,6550,64568,-0.0045592705167173
2020-09-22,6480,6650,6300,6310,100347,-0.0366412213740457
2020-09-23,6320,6480,6250,6480,38901,0.0269413629160062
2020-09-24,6400,6470,6280,6380,67313,-0.015432098765432
2020-09-25,6400,6480,6310,6380,29801,0.0
2020-09-28,6430,6650,6380,6650,73784,0.0423197492163009
2020-09-29,6650,6690,6520,6560,83083,-0.0135338345864661
2020-10-05,6600,6700,6490,6700,61136,0.021341463414634
2020-10-06,6700,7060,6700,7060,204701,0.0537313432835822
2020-10-07,7060,7220,6970,7050,132531,-0.0014164305949008
2020-10-08,7030,7140,6900,7020,86677,-0.0042553191489361
2020-10-12,7070,7160,7030,7110,95868,0.0128205128205127
2020-10-13,7130,7250,7000,7200,104711,0.0126582278481013
2020-10-14,7250,7320,6990,7000,87323,-0.0277777777777777
2020-10-15,6940,7170,6940,7070,87701,0.01
2020-10-16,7070,7160,6740,6800,104650,-0.0381895332390381
2020-10-19,6800,6800,6600,6730,72439,-0.0102941176470587
2020-10-20,6640,7070,6510,7030,114536,0.0445765230312036
2020-10-21,7030,7600,7030,7590,516206,0.0796586059743955
2020-10-22,7460,7640,7320,7420,160072,-0.0223978919631093
2020-10-23,7430,7540,7130,7240,132724,-0.0242587601078166
2020-10-26,7160,7230,6820,6820,138527,-0.0580110497237569
2020-10-27,6720,6980,6590,6670,110077,-0.0219941348973606
2020-10-28,6720,6990,6650,6900,49448,0.0344827586206897
2020-10-29,6720,6870,6600,6730,105052,-0.0246376811594203
2020-10-30,6690,6690,6560,6560,47835,-0.025260029717682
2020-11-02,6510,6730,6500,6670,27334,0.0167682926829269
2020-11-03,6630,6810,6630,6770,52971,0.0149925037481259
2020-11-04,6820,6860,6700,6770,38854,0.0
2020-11-05,6800,6800,6690,6760,32807,-0.001477104874446
2020-11-06,6760,6780,6650,6710,25177,-0.0073964497041419
2020-11-09,6810,6850,6720,6820,39551,0.0163934426229508
2020-11-10,6760,7020,6760,7000,68314,0.0263929618768328
2020-11-11,7000,7020,6800,6920,74299,-0.0114285714285714
2020-11-12,6990,6990,6770,6780,90213,-0.0202312138728323
2020-11-13,6850,6850,6710,6800,81284,0.0029498525073745
2020-11-16,7200,7910,6980,7020,1151653,0.0323529411764706
2020-11-17,7020,7160,6910,7130,162901,0.0156695156695156
2020-11-18,7140,7270,7080,7180,122434,0.0070126227208975
2020-11-19,7080,7260,7080,7220,119853,0.0055710306406684
2020-11-20,7230,7250,7120,7250,75838,0.0041551246537396
2020-11-23,7190,7290,7150,7210,66469,-0.0055172413793103
2020-11-24,7280,7280,7160,7250,67018,0.0055478502080443
2020-11-25,7250,7310,7060,7110,117626,-0.0193103448275862
2020-11-26,7120,7830,7070,7770,827515,0.0928270042194092
2020-11-27,7360,7550,7250,7250,388064,-0.0669240669240669
2020-11-30,7250,7310,7170,7250,75770,0.0
2020-12-01,7240,7380,7200,7320,72606,0.0096551724137932
2020-12-02,7350,8500,7250,7750,1883527,0.0587431693989071
2020-12-03,7750,7830,7580,7640,189335,-0.0141935483870967
2020-12-04,7700,7950,7640,7660,229620,0.0026178010471205
2020-12-07,7660,7700,7370,7550,106515,-0.0143603133159269
2020-12-08,7520,7520,7330,7330,97018,-0.0291390728476821
2020-12-09,7330,7470,7300,7470,76665,0.019099590723056
2020-12-10,7470,7500,7410,7470,35557,0.0
2020-12-11,7490,7600,7460,7500,59268,0.0040160642570281
2020-12-14,7500,7530,7410,7470,34570,-0.004
2020-12-15,7420,7480,7300,7340,58899,-0.0174029451137884
2020-12-16,7310,7440,7300,7320,32197,-0.002724795640327
2020-12-17,7310,7430,7250,7430,39631,0.0150273224043715
2020-12-18,7390,7570,7380,7540,49173,0.0148048452220725
2020-12-21,7540,7650,7390,7600,87697,0.0079575596816976
2020-12-22,7520,7630,7330,7330,90938,-0.0355263157894737
2020-12-23,7330,7500,7120,7320,72296,-0.0013642564802183
2020-12-24,7320,7390,7180,7210,58393,-0.0150273224043715
2020-12-28,7210,7350,7200,7280,54762,0.0097087378640776
2020-12-29,7200,7350,7190,7300,50259,0.0027472527472527
2020-12-30,7300,7500,7260,7470,71482,0.0232876712328766
2021-01-04,7520,7670,7460,7560,142127,0.0120481927710842
2021-01-05,7450,7640,7420,7520,83418,-0.0052910052910053
2021-01-06,7550,7560,7400,7460,92638,-0.0079787234042553
2021-01-07,7460,8100,7440,8100,627571,0.0857908847184987
2021-01-08,8260,8370,8000,8140,559404,0.0049382716049382
2021-01-11,8420,8550,7660,7860,1030019,-0.0343980343980343
2021-01-12,7870,8040,7670,7900,157228,0.0050890585241729
2021-01-13,7940,7990,7820,7830,79943,-0.0088607594936709
2021-01-14,7830,7980,7800,7910,58650,0.0102171136653894
2021-01-15,7910,7910,7680,7750,106265,-0.0202275600505689
2021-01-18,7690,7700,7470,7470,104513,-0.0361290322580645
2021-01-19,7550,7850,7410,7800,102516,0.0441767068273093
2021-01-20,8030,8100,7820,7850,101039,0.0064102564102563
2021-01-21,7860,8350,7850,8210,635069,0.0458598726114649
2021-01-22,8310,8370,8000,8010,204916,-0.0243605359317905
2021-01-25,8020,8170,7710,8120,127197,0.013732833957553
2021-01-26,8100,8190,7810,7870,80515,-0.0307881773399014
2021-01-27,7850,8030,7670,7980,76840,0.013977128335451
2021-01-28,7670,8070,7670,7730,114427,-0.0313283208020049
2021-01-29,7830,7830,7200,7270,115899,-0.0595084087968952
2021-02-01,7210,7410,7050,7410,62062,0.0192572214580468
2021-02-02,7390,7520,7330,7450,114299,0.0053981106612686
2021-02-03,7520,7900,7520,7750,188256,0.0402684563758388
2021-02-04,7830,7930,7700,7900,117594,0.0193548387096773
2021-02-05,7900,8060,7870,7880,84445,-0.0025316455696202
2021-02-08,7870,7870,7630,7730,58865,-0.0190355329949238
2021-02-09,7720,7920,7620,7710,62203,-0.0025873221216041
2021-02-10,7700,7720,7590,7700,32374,-0.0012970168612191
2021-02-15,7710,7740,7630,7690,32667,-0.0012987012987012
2021-02-16,7650,7730,7560,7590,98299,-0.0130039011703511
2021-02-17,7650,7650,7430,7520,97593,-0.0092226613965744
2021-02-18,7550,7590,7230,7290,141645,-0.0305851063829787
2021-02-19,7290,7290,7070,7200,83977,-0.0123456790123457
2021-02-22,7210,7380,7080,7180,81831,-0.0027777777777777
2021-02-23,7170,7220,7050,7130,36560,-0.0069637883008356
2021-02-24,7130,7150,6870,6880,75026,-0.0350631136044881
2021-02-25,6940,7000,6890,6970,37247,0.0130813953488371
2021-02-26,6890,6950,6710,6900,48204,-0.0100430416068866
2021-03-02,6910,6950,6800,6850,48915,-0.0072463768115942
2021-03-03,6850,7030,6780,6980,42380,0.018978102189781
2021-03-04,6970,6990,6790,6990,27529,0.001432664756447
2021-03-05,6920,7040,6840,7040,28562,0.0071530758226037
2021-03-08,7040,7130,6970,7020,32370,-0.002840909090909
2021-03-09,7020,7020,6750,6900,43085,-0.0170940170940171
2021-03-10,6920,6950,6780,6850,28933,-0.0072463768115942
2021-03-11,6850,6920,6800,6860,19350,0.0014598540145984
2021-03-12,6860,6990,6850,6900,26828,0.0058309037900874
2021-03-15,6970,6970,6890,6930,21072,0.0043478260869564
2021-03-16,6930,6970,6890,6950,22436,0.0028860028860029
2021-03-17,6950,7250,6870,7250,89993,0.0431654676258992
2021-03-18,7310,7340,7080,7150,78456,-0.0137931034482758
2021-03-19,7130,7170,7050,7160,23436,0.0013986013986013
2021-03-22,7160,7160,7080,7140,14722,-0.0027932960893854
2021-03-23,7140,7140,6810,7040,41695,-0.0140056022408963
2021-03-24,6930,7070,6910,7070,22901,0.0042613636363635
2021-03-25,7070,7080,6940,7080,29248,0.0014144271570013
2021-03-26,6890,7130,6890,7110,36515,0.0042372881355932
2021-03-29,7020,7080,6960,6970,23853,-0.0196905766526019
2021-03-30,6920,7050,6920,7040,15178,0.0100430416068866
2021-03-31,7050,7090,6980,7000,27744,-0.0056818181818182
2021-04-01,7000,7050,6970,7030,23517,0.0042857142857142
2021-04-02,7060,7060,7000,7030,12930,0.0
2021-04-05,7050,7190,7050,7120,59738,0.0128022759601706
2021-04-06,7170,7170,7010,7070,45470,-0.0070224719101124
2021-04-07,7070,7130,7030,7130,27814,0.0084865629420085
2021-04-08,7130,7140,7040,7080,43143,-0.0070126227208976
2021-04-09,7090,7200,7080,7150,56729,0.0098870056497175
2021-04-12,7150,7190,7130,7180,42299,0.0041958041958041
2021-04-13,7180,7370,7160,7370,103648,0.0264623955431755
2021-04-14,7370,7380,7270,7360,69985,-0.0013568521031207
2021-04-15,7360,9220,7060,7500,4528639,0.0190217391304348
2021-04-16,7510,7760,7450,7620,270460,0.016
2021-04-19,7790,8650,7650,7980,2360408,0.0472440944881888
2021-04-20,7980,8070,7750,7820,272764,-0.0200501253132832
2021-04-21,7770,7800,7440,7470,228867,-0.0447570332480818
2021-04-22,7470,7680,7470,7600,136764,0.0174029451137884
2021-04-23,7580,7780,7460,7780,150077,0.0236842105263157
2021-04-26,7820,8000,7760,7850,218026,0.0089974293059125
2021-04-27,7830,7870,7690,7790,112906,-0.0076433121019108
2021-04-28,7880,8060,7740,7880,208986,0.011553273427471
2021-04-29,7880,7950,7600,7870,125901,-0.0012690355329949
2021-04-30,7750,7860,7730,7780,86908,-0.0114358322744599
2021-05-03,7710,8020,7710,7960,168079,0.0231362467866322
2021-05-04,7970,8020,7710,7900,125780,-0.007537688442211
2021-05-06,7900,8080,7900,8020,129262,0.0151898734177216
2021-05-07,8020,8150,8000,8020,115360,0.0
2021-05-10,8120,8120,8010,8040,111737,0.0024937655860348
2021-05-11,7960,7960,7810,7890,67926,-0.0186567164179104
2021-05-12,7900,7960,7730,7760,93546,-0.0164765525982255
2021-05-13,7650,7840,7550,7710,66811,-0.0064432989690721
2021-05-14,7820,7980,7760,7980,73767,0.0350194552529183
2021-05-17,8000,8070,7710,7790,68690,-0.0238095238095238
2021-05-18,7890,7890,7770,7800,35180,0.0012836970474967
2021-05-20,7780,7910,7780,7850,47454,0.0064102564102563
2021-05-21,7870,7940,7750,7850,42519,0.0
2021-05-24,7790,7880,7740,7830,44378,-0.0025477707006369
2021-05-25,7740,7770,7230,7370,207227,-0.0587484035759897
2021-05-26,7370,7530,7370,7500,42931,0.0176390773405699
2021-05-27,7500,7580,7450,7540,35228,0.0053333333333334
2021-05-28,7550,7670,7540,7620,32227,0.0106100795755967
2021-05-31,7650,7650,7540,7610,46934,-0.0013123359580052
2021-06-01,7570,7780,7570,7760,65280,0.0197109067017082
2021-06-02,7790,7800,7710,7790,39858,0.0038659793814432
2021-06-03,7780,8090,7780,7940,211628,0.0192554557124517
2021-06-04,7940,7940,7710,7900,59703,-0.0050377833753149
2021-06-07,8000,8090,7900,8050,143525,0.018987341772152
2021-06-08,8390,8830,8160,8230,2245789,0.0223602484472049
2021-06-09,8320,8390,8030,8210,430916,-0.0024301336573511
2021-06-10,8200,8430,8140,8160,295840,-0.0060901339829476
2021-06-11,8160,8350,8160,8300,146717,0.0171568627450979
2021-06-14,8440,8580,8230,8500,286773,0.0240963855421687
2021-06-15,8550,8620,8400,8440,150083,-0.0070588235294117
2021-06-16,8520,8900,8390,8790,456206,0.0414691943127962
2021-06-17,8940,9220,8600,8730,568120,-0.0068259385665528
2021-06-18,8710,8840,8600,8690,89094,-0.0045819014891179
2021-06-21,8660,8790,8500,8660,88954,-0.003452243958573
2021-06-22,8650,9510,8560,8760,608232,0.0115473441108544
2021-06-23,8990,8990,8360,8440,135421,-0.0365296803652968
2021-06-24,8420,8480,8300,8390,83408,-0.0059241706161137
2021-06-25,8340,8490,8340,8360,43418,-0.0035756853396901
2021-06-28,8360,8440,8280,8410,52026,0.005980861244019
2021-06-29,8430,8600,8310,8490,53888,0.009512485136742
2021-06-30,8590,8600,8420,8500,38607,0.0011778563015312
2021-07-01,8530,8560,8400,8440,35877,-0.0070588235294117
2021-07-02,8400,8410,8210,8280,48839,-0.0189573459715639
2021-07-05,8320,8400,8220,8230,35683,-0.0060386473429951
2021-07-06,8240,8380,8160,8160,40755,-0.008505467800729
2021-07-07,8190,8240,8150,8210,37336,0.0061274509803921
2021-07-08,8250,8300,7970,7970,107007,-0.0292326431181485
2021-07-09,7920,7970,7500,7920,54460,-0.0062735257214554
2021-07-12,7840,8130,7810,7980,22750,0.0075757575757575
2021-07-13,7990,8100,7980,8040,22726,0.0075187969924812
2021-07-14,8050,8310,7810,8130,44727,0.0111940298507462
2021-07-15,8130,8290,8120,8170,27751,0.0049200492004919
2021-07-16,8170,8210,8100,8160,45706,-0.0012239902080782
2021-07-19,8190,8270,8010,8010,52594,-0.0183823529411765
2021-07-20,7830,7980,7820,7950,32391,-0.0074906367041198
2021-07-21,7930,8100,7900,7950,27914,0.0
2021-07-22,7910,7980,7860,7960,28590,0.0012578616352201
2021-07-23,8000,8190,7970,8100,36363,0.0175879396984923
2021-07-26,8320,8320,8030,8070,20616,-0.0037037037037036
2021-07-27,8010,8210,8000,8180,58668,0.01363073110285
2021-07-28,8230,8240,8110,8150,74328,-0.0036674816625916
2021-07-29,8150,8190,8130,8170,9701,0.0024539877300613
2021-07-30,8190,8190,8000,8080,30160,-0.011015911872705
2021-08-02,8080,8190,7950,8110,15857,0.0037128712871286
2021-08-03,8190,8190,8040,8120,13089,0.0012330456226881
2021-08-04,8080,8200,8030,8120,30632,0.0
2021-08-05,8120,8180,8050,8100,18521,-0.0024630541871921
2021-08-06,8100,8220,8090,8170,23352,0.0086419753086419
2021-08-09,8110,8180,8100,8120,16866,-0.0061199510403916
2021-08-10,8130,8200,7980,8020,29707,-0.0123152709359606
2021-08-11,8020,8050,7830,7900,22181,-0.0149625935162094
2021-08-12,7830,7980,7670,7750,30146,-0.0189873417721518
2021-08-13,7750,7860,7480,7670,31073,-0.0103225806451613
2021-08-17,7580,7720,7310,7550,38884,-0.0156453715775749
2021-08-18,7430,7530,7290,7310,62461,-0.0317880794701986
2021-08-19,7220,7250,6820,6850,91756,-0.0629274965800273
2021-08-20,6800,6980,6510,6660,55655,-0.0277372262773722
2021-08-23,6610,7030,6610,6920,23682,0.0390390390390389
2021-08-24,7170,7170,6920,7000,25740,0.0115606936416186
2021-08-25,7070,7200,6930,7050,18681,0.0071428571428571
2021-08-26,7130,7200,7000,7000,21901,-0.0070921985815602
2021-08-27,6990,7090,6910,7080,16319,0.0114285714285713
2021-08-30,7120,7150,6970,7100,11041,0.002824858757062
2021-08-31,7140,7140,6980,7050,12257,-0.0070422535211267
2021-09-01,7010,7290,7010,7160,23135,0.0156028368794325
2021-09-02,7130,7130,6900,7080,23436,-0.0111731843575418
2021-09-03,7010,7120,7010,7040,18738,-0.0056497175141242
2021-09-06,7040,7170,6980,7000,22424,-0.0056818181818182
2021-09-07,7040,7160,6970,7090,17085,0.0128571428571429
2021-09-08,7140,7140,7010,7080,10963,-0.001410437235543
2021-09-09,7080,7080,6970,7060,16034,-0.0028248587570621
2021-09-10,7040,7140,6990,7070,19526,0.0014164305949009
2021-09-13,7070,7200,6980,7080,20548,0.0014144271570013
2021-09-14,7030,7190,7030,7150,8210,0.0098870056497175
2021-09-15,7170,7170,7100,7140,5720,-0.0013986013986013
2021-09-16,7140,7190,7000,7020,29521,-0.0168067226890756
2021-09-17,7050,7050,6800,6970,22618,-0.0071225071225071
2021-09-23,6860,7080,6850,6850,19395,-0.0172166427546628
2021-09-24,6650,6880,6650,6770,23076,-0.0116788321167883
2021-09-27,6770,6790,6620,6660,17685,-0.0162481536189069
2021-09-28,6600,6660,6480,6480,26487,-0.0270270270270269
2021-09-29,6300,6920,6300,6800,66067,0.0493827160493827
2021-09-30,6710,8160,6700,7190,2435803,0.0573529411764706
2021-10-01,7120,7230,6500,6530,312797,-0.0917941585535465
2021-10-05,6530,6650,6410,6450,104249,-0.012251148545176
2021-10-06,6400,6780,6240,6260,178373,-0.0294573643410852
2021-10-07,6260,6570,6260,6520,45159,0.0415335463258785
2021-10-08,6600,6670,6490,6580,26577,0.00920245398773
2021-10-12,6580,6680,6470,6620,32917,0.006079027355623
2021-10-13,6530,6730,6530,6680,17817,0.0090634441087613
2021-10-14,6700,6840,6610,6750,36427,0.0104790419161677
2021-10-15,6760,6950,6740,6900,37634,0.0222222222222221
2021-10-18,6880,7150,6770,6890,165134,-0.0014492753623188
2021-10-19,6950,7000,6800,6860,54088,-0.0043541364296081
2021-10-20,6900,6960,6830,6880,29939,0.0029154518950438
2021-10-21,6900,6930,6800,6860,24977,-0.002906976744186
2021-10-22,6790,6880,6770,6780,20543,-0.0116618075801748
2021-10-25,6810,6810,6610,6660,21075,-0.0176991150442478
2021-10-26,6700,6750,6620,6680,11304,0.003003003003003
2021-10-27,6660,6760,6640,6730,13740,0.0074850299401196
2021-10-28,6700,6800,6660,6730,12866,0.0
2021-10-29,6700,6760,6480,6580,22654,-0.0222882615156018
2021-11-01,6580,6610,6410,6480,14938,-0.0151975683890577
2021-11-02,6470,6570,6390,6480,25329,0.0
2021-11-03,6480,6550,6390,6460,33124,-0.0030864197530864
2021-11-04,6350,6450,6290,6380,55120,-0.0123839009287926
2021-11-05,6290,6450,6250,6410,18782,0.0047021943573668
2021-11-08,6670,7200,5930,6180,178469,-0.0358814352574102
2021-11-09,6290,6290,6130,6190,18375,0.0016181229773462
2021-11-10,6150,6190,5990,6190,17158,0.0
2021-11-11,6190,6190,5980,6030,19384,-0.0258481421647819
2021-11-12,5960,6100,5960,6030,11008,0.0
2021-11-15,6040,6080,5960,6070,15365,0.0066334991708125
2021-11-16,6080,6090,6000,6030,12949,-0.0065897858319604
2021-11-17,5980,6070,5910,6030,25265,0.0
2021-11-18,6030,6050,5940,5990,8074,-0.0066334991708125
2021-11-19,5980,6080,5910,5990,13362,0.0
2021-11-22,6050,6090,5980,6050,11807,0.0100166944908179
2021-11-23,6100,6170,5940,6110,9779,0.0099173553719007
2021-11-24,6020,6120,6020,6100,7260,-0.0016366612111292
2021-11-25,6160,6160,6010,6020,7028,-0.0131147540983606
2021-11-26,6010,6060,5860,5980,19408,-0.0066445182724252
2021-11-29,5900,5900,5730,5730,31997,-0.0418060200668896
2021-11-30,5730,5780,5430,5430,31131,-0.0523560209424084
2021-12-01,5400,5620,5400,5600,21804,0.0313075506445672
2021-12-02,5540,5830,5450,5780,19452,0.0321428571428572
2021-12-03,5830,5910,5750,5910,5568,0.0224913494809688
2021-12-06,5830,5950,5800,5930,9798,0.003384094754653
2021-12-07,5930,5990,5830,5980,19084,0.0084317032040472
2021-12-08,6000,6020,5910,5940,9404,-0.0066889632107023
2021-12-09,5910,5980,5870,5980,4745,0.0067340067340067
2021-12-10,6030,6030,5900,5950,5335,-0.0050167224080267
2021-12-13,5960,6000,5860,5980,17766,0.0050420168067226
2021-12-14,5990,5990,5880,5920,6249,-0.0100334448160535
2021-12-15,5870,5930,5800,5880,16257,-0.0067567567567567
2021-12-16,5850,5930,5790,5800,20366,-0.0136054421768707
2021-12-17,5830,5870,5770,5830,15336,0.0051724137931035
2021-12-20,5820,5840,5730,5730,15116,-0.0171526586620925
2021-12-21,5710,5710,5550,5640,19085,-0.0157068062827224
2021-12-22,5640,5730,5360,5600,30821,-0.0070921985815602
2021-12-23,5650,5890,5650,5790,22651,0.0339285714285715
2021-12-24,5990,6030,5790,5920,40509,0.0224525043177892
2021-12-27,5920,6050,5900,6050,18572,0.0219594594594594
2021-12-28,6000,6080,5960,6060,20589,0.0016528925619834
2021-12-29,6050,6050,5910,5970,9867,-0.0148514851485148
2021-12-30,5920,6020,5890,5960,15591,-0.0016750418760469
2022-01-03,5960,6130,5870,6000,13526,0.0067114093959732
2022-01-04,5950,6030,5920,6030,6701,0.0049999999999998
2022-01-05,6020,6040,5930,6020,11618,-0.0016583747927031
2022-01-06,5910,6000,5860,5990,9856,-0.0049833887043189
2022-01-07,5940,6040,5930,6010,15421,0.0033388981636059
2022-01-10,6040,6040,5930,5990,12671,-0.0033277870216306
2022-01-11,5940,6070,5860,5950,13988,-0.0066777963272119
2022-01-12,5960,6190,5920,6190,45841,0.0403361344537815
2022-01-13,6190,6200,6070,6110,23537,-0.0129240710823909
2022-01-14,6100,6100,5940,6040,21415,-0.011456628477905
2022-01-17,5980,5980,5840,5940,16115,-0.0165562913907284
2022-01-18,5890,5920,5690,5900,26835,-0.0067340067340067
2022-01-19,5840,5840,5680,5690,17685,-0.035593220338983
2022-01-20,5600,5990,5600,5990,10564,0.0527240773286468
2022-01-21,5970,5970,5720,5720,15973,-0.0450751252086811
2022-01-24,5720,5720,5570,5620,10477,-0.0174825174825175
2022-01-25,5550,5610,5450,5530,19235,-0.0160142348754448
2022-01-26,5500,5680,5460,5520,12426,-0.0018083182640145
2022-01-27,5480,5580,5270,5330,29784,-0.0344202898550725
2022-01-28,5330,5470,5260,5470,9506,0.026266416510319
2022-02-03,5520,5680,5520,5600,13763,0.0237659963436929
2022-02-04,5640,5790,5600,5790,5739,0.0339285714285715
2022-02-07,5760,5760,5610,5760,7517,-0.005181347150259
2022-02-08,5760,5760,5640,5700,6321,-0.0104166666666666
2022-02-09,5700,5770,5690,5750,6563,0.0087719298245614
2022-02-10,5780,5910,5630,5740,7595,-0.0017391304347825
2022-02-11,5570,5740,5450,5680,6915,-0.0104529616724738
2022-02-14,5530,5610,5460,5460,13240,-0.0387323943661971
2022-02-15,5410,5570,5400,5440,10097,-0.0036630036630036
2022-02-16,5500,5610,5500,5590,6215,0.0275735294117647
2022-02-17,5590,5980,5570,5710,32744,0.0214669051878353
2022-02-18,5690,5950,5680,5930,15719,0.0385288966725043
2022-02-21,5930,6010,5810,5960,16567,0.0050590219224282
2022-02-22,5930,5960,5810,5850,5140,-0.0184563758389261
2022-02-23,5820,5940,5790,5930,9849,0.0136752136752136
2022-02-24,5930,6000,5710,5750,6795,-0.03035413153457
2022-02-25,5780,6000,5700,5800,12724,0.0086956521739129
2022-02-28,5850,5940,5780,5860,10181,0.0103448275862068
2022-03-02,5860,5970,5770,5950,21847,0.0153583617747439
2022-03-03,6000,6230,5950,6080,29304,0.0218487394957982
2022-03-04,6080,6150,6020,6110,10282,0.0049342105263157
2022-03-07,6090,6090,5780,5890,10673,-0.0360065466448444
2022-03-08,5780,5860,5710,5750,7873,-0.0237691001697792
2022-03-10,5760,5980,5750,5980,11593,0.04
2022-03-11,5980,6010,5860,5960,12796,-0.0033444816053511
2022-03-14,5960,5960,5840,5880,5550,-0.0134228187919462
2022-03-15,5880,5900,5730,5800,8606,-0.0136054421768707
2022-03-16,5810,5890,5740,5890,7812,0.0155172413793103
2022-03-17,5950,6030,5920,6010,21032,0.0203735144312393
2022-03-18,6030,6080,5980,6040,9018,0.0049916805324459
2022-03-21,6050,6080,6010,6030,10024,-0.0016556291390728
2022-03-22,5980,6120,5980,6070,11563,0.0066334991708125
2022-03-23,6100,6100,6030,6050,4190,-0.0032948929159802
2022-03-24,5950,6030,5940,6000,20745,-0.0082644628099173
2022-03-25,5970,6000,5830,5880,101621,-0.02
2022-03-28,5920,7400,5920,6790,3611597,0.1547619047619046
2022-03-29,6720,6760,6570,6660,207573,-0.0191458026509573
2022-03-30,6660,6700,6370,6500,148377,-0.024024024024024
2022-03-31,6590,6710,6510,6670,85119,0.0261538461538461
2022-04-01,6630,6690,6460,6620,64688,-0.0074962518740629
2022-04-04,6620,6760,6560,6760,66690,0.0211480362537763
2022-04-05,6760,6770,6610,6690,46527,-0.0103550295857988
2022-04-06,6730,6740,6600,6660,26369,-0.0044843049327354
2022-04-07,6710,6710,6500,6540,41618,-0.018018018018018
2022-04-08,6500,6590,6410,6510,21381,-0.0045871559633027
2022-04-11,6560,6630,6450,6540,39982,0.0046082949308756
2022-04-12,6540,6660,6460,6540,26834,0.0
2022-04-13,6550,6670,6500,6620,36142,0.0122324159021407
2022-04-14,6670,6670,6560,6600,19600,-0.0030211480362537
2022-04-15,6590,6980,6470,6630,310522,0.0045454545454546
2022-04-18,6690,6900,6660,6840,151922,0.0316742081447964
2022-04-19,6840,7100,6770,7070,193339,0.0336257309941521
2022-04-20,7100,7100,6900,6900,98615,-0.0240452616690241
2022-04-21,6950,7030,6810,6840,55504,-0.0086956521739129
2022-04-22,6820,6980,6660,6830,49692,-0.0014619883040936
2022-04-25,6730,6740,6600,6660,78350,-0.0248901903367496
2022-04-26,6670,6810,6660,6750,50714,0.0135135135135135
2022-04-27,6620,6620,6450,6530,42722,-0.0325925925925926
2022-04-28,6540,6650,6450,6510,28674,-0.003062787136294
2022-04-29,6520,6670,6520,6580,16429,0.010752688172043
2022-05-02,6570,6670,6520,6670,21193,0.0136778115501519
2022-05-03,6700,6700,6580,6670,26262,0.0
2022-05-04,6670,6690,6600,6650,18235,-0.0029985007496251
2022-05-06,6600,6630,6500,6630,21833,-0.0030075187969924
2022-05-09,6590,6590,6220,6260,64053,-0.0558069381598793
2022-05-10,6200,6360,6010,6340,38115,0.0127795527156548
2022-05-11,6290,6410,6160,6260,14544,-0.0126182965299684
2022-05-12,6260,6330,6110,6160,42201,-0.0159744408945686
2022-05-13,6140,6320,6100,6160,27366,0.0
2022-05-16,6400,6620,6310,6590,55307,0.0698051948051947
2022-05-17,6620,6670,6530,6580,26225,-0.0015174506828528
2022-05-18,6600,6640,6510,6580,15847,0.0
2022-05-19,6540,6540,6300,6440,19431,-0.0212765957446808
2022-05-20,6480,6650,6390,6450,35005,0.0015527950310558
2022-05-23,6580,6580,6340,6360,17040,-0.0139534883720929
2022-05-24,6370,6530,6260,6270,32035,-0.0141509433962264
2022-05-25,6210,6420,6140,6270,27116,0.0
2022-05-26,6280,6490,6280,6330,27257,0.0095693779904306
2022-05-27,6430,6520,6410,6440,24721,0.0173775671406002
2022-05-30,6510,6540,6450,6540,14801,0.0155279503105589
2022-05-31,6610,6610,6490,6550,17488,0.0015290519877675
2022-06-02,6500,6550,6450,6550,23631,0.0
2022-06-03,6600,6740,6520,6680,43466,0.0198473282442748
2022-06-07,6680,6680,6550,6620,31128,-0.0089820359281437
2022-06-08,6620,6720,6620,6650,30620,0.0045317220543805
2022-06-09,6680,6680,6450,6500,25902,-0.0225563909774436
2022-06-10,6500,6500,6330,6500,14459,0.0
2022-06-13,6260,6670,6070,6130,68595,-0.0569230769230769
2022-06-14,5990,6080,5740,6010,68095,-0.0195758564437193
2022-06-15,5900,6010,5720,5890,40732,-0.0199667221297836
2022-06-16,5920,6090,5760,5940,20771,0.0084889643463497
2022-06-17,5700,5920,5640,5890,25847,-0.0084175084175084
2022-06-20,5890,5890,5430,5670,57422,-0.0373514431239389
2022-06-21,5550,5680,5510,5530,20008,-0.0246913580246913
2022-06-22,5540,5600,5310,5310,34660,-0.0397830018083182
2022-06-23,5350,5370,4915,4915,68051,-0.0743879472693032
2022-06-24,4730,5940,4730,5230,387233,0.0640895218718209
2022-06-27,5330,5590,5250,5370,51491,0.0267686424474187
2022-06-28,5490,5530,5400,5450,20589,0.0148975791433891
2022-06-29,5440,5540,5390,5450,10348,0.0
2022-06-30,5420,5420,5240,5260,15827,-0.0348623853211008
2022-07-01,5140,5260,5000,5030,33183,-0.0437262357414448
2022-07-04,5010,5140,4930,5030,23263,0.0
2022-07-05,5030,5280,5010,5190,10004,0.0318091451292246
2022-07-06,5290,6150,5150,5470,396446,0.0539499036608863
2022-07-07,5470,5540,5390,5430,37541,-0.0073126142595978
2022-07-08,5460,5540,5440,5470,33605,0.007366482504604
2022-07-11,5490,5720,5450,5640,42613,0.0310786106032907
2022-07-12,5580,5760,5480,5740,34937,0.0177304964539006
2022-07-13,5660,6400,5660,5970,388332,0.0400696864111498
2022-07-14,5970,6040,5910,5970,41501,0.0
2022-07-15,5970,6010,5790,5790,20663,-0.0301507537688442
2022-07-18,5800,5880,5710,5840,12414,0.008635578583765
2022-07-19,5840,5980,5750,5910,13181,0.0119863013698631
2022-07-20,5910,5990,5850,5900,13861,-0.0016920473773265
2022-07-21,5950,5950,5850,5860,9466,-0.0067796610169491
2022-07-22,5860,6390,5860,6110,151307,0.0426621160409557
2022-07-25,6110,6270,6070,6250,26118,0.0229132569558101
2022-07-26,6200,6280,6100,6160,15085,-0.0143999999999999
2022-07-27,6110,6160,6070,6150,13644,-0.0016233766233766
2022-07-28,6230,6240,6110,6150,10722,0.0
2022-07-29,6140,6200,6100,6140,13847,-0.0016260162601625
2022-08-01,6100,6140,6050,6050,10209,-0.014657980456026
2022-08-02,6060,6290,6030,6050,13124,0.0
2022-08-03,6010,6170,6010,6070,10494,0.0033057851239668
2022-08-04,6090,6200,6090,6100,9970,0.0049423393739702
2022-08-05,6170,6190,6120,6130,6776,0.0049180327868851
2022-08-08,6120,6130,6050,6120,7851,-0.0016313213703099
2022-08-09,6120,6200,6120,6150,6612,0.0049019607843137
2022-08-10,6150,6300,6150,6270,23095,0.0195121951219512
2022-08-11,6220,6360,6200,6280,13110,0.0015948963317384
2022-08-12,6280,6340,6260,6280,17667,0.0
2022-08-16,6740,6740,6380,6380,90212,0.015923566878981
2022-08-17,6580,6580,6300,6390,64194,0.0015673981191222
2022-08-18,6490,6800,6400,6760,137644,0.057902973395931
2022-08-19,6800,6840,6440,6560,80623,-0.029585798816568
2022-08-22,6500,6510,6220,6220,36152,-0.0518292682926829
2022-08-23,6220,6240,6000,6120,18119,-0.0160771704180063
2022-08-24,6120,6820,6050,6200,361576,0.0130718954248365
2022-08-25,6260,6360,6200,6320,30234,0.0193548387096773
2022-08-26,6370,6550,6350,6500,46278,0.0284810126582277
2022-08-29,6420,6420,6140,6220,28450,-0.0430769230769231
2022-08-30,6200,6350,6200,6320,19964,0.0160771704180064
2022-08-31,6320,6590,6320,6490,36481,0.0268987341772151
2022-09-01,6450,6500,6300,6360,24670,-0.0200308166409861
2022-09-02,6390,6540,6300,6390,22988,0.0047169811320755
2022-09-05,6390,6450,6300,6310,15374,-0.0125195618153364
2022-09-06,6250,6500,6250,6400,21138,0.0142630744849445
2022-09-07,6420,6520,6390,6390,18853,-0.0015625
2022-09-08,6390,6510,6380,6390,14506,0.0
2022-09-13,6570,6570,6360,6490,18455,0.0156494522691705
2022-09-14,6250,6400,6230,6390,19227,-0.0154083204930662
2022-09-15,6400,6470,6300,6390,14404,0.0
2022-09-16,6310,6390,6200,6300,22294,-0.0140845070422535
2022-09-19,6250,6300,6010,6120,19412,-0.0285714285714285
2022-09-20,6120,6280,6040,6110,23307,-0.0016339869281045
2022-09-21,6110,6180,5990,6100,17150,-0.0016366612111292
2022-09-22,6020,6070,5760,5930,25437,-0.0278688524590163
2022-09-23,5880,5990,5770,5780,14620,-0.0252951096121416
2022-09-26,5630,5680,5270,5270,65492,-0.088235294117647
2022-09-27,5140,5490,5140,5460,21580,0.0360531309297913
2022-09-28,5460,5600,5070,5170,27446,-0.0531135531135531
2022-09-29,5410,5900,5140,5200,99166,0.0058027079303675
2022-09-30,5120,5290,5100,5200,15705,0.0
2022-10-04,5340,5360,5150,5310,31910,0.021153846153846
2022-10-05,5390,5390,5130,5130,34190,-0.0338983050847457
2022-10-06,5160,5330,5160,5320,13520,0.0370370370370369
2022-10-07,5320,5320,5140,5190,29028,-0.0244360902255639
2022-10-11,5180,5180,4975,5040,25835,-0.0289017341040462
2022-10-12,5010,5040,4810,4930,34964,-0.0218253968253968
2022-10-13,4930,4940,4845,4900,33672,-0.0060851926977687
2022-10-14,4905,5100,4905,5090,10649,0.0387755102040816
2022-10-17,5070,5270,5020,5270,16378,0.0353634577603143
2022-10-18,5320,5440,5320,5370,14724,0.0189753320683112
2022-10-19,5380,5480,5330,5410,13796,0.0074487895716945
2022-10-20,5410,5410,5280,5370,6497,-0.0073937153419593
2022-10-21,5320,5330,5200,5200,6966,-0.031657355679702
2022-10-24,5250,5400,5220,5350,9459,0.0288461538461537
2022-10-25,5490,5490,5350,5470,11658,0.0224299065420561
2022-10-26,5500,5580,5440,5550,22173,0.0146252285191956
2022-10-27,5550,5720,5550,5690,11209,0.0252252252252251
2022-10-28,5710,5820,5630,5650,19908,-0.0070298769771528
2022-10-31,5990,6000,5740,5840,68045,0.0336283185840708
2022-11-01,5840,6020,5830,6020,35892,0.0308219178082191
2022-11-02,6030,6090,5900,6000,37219,-0.0033222591362126
2022-11-03,5910,6040,5840,6020,12428,0.0033333333333334
2022-11-04,5970,6030,5920,6020,13714,0.0
2022-11-07,6050,6090,5920,6040,17669,0.0033222591362125
2022-11-08,6090,6140,6040,6040,16418,0.0
2022-11-09,6070,6070,6000,6030,10693,-0.0016556291390728
2022-11-10,5980,6070,5980,6010,9577,-0.0033167495854062
2022-11-11,6170,6170,5950,6060,31360,0.0083194675540765
2022-11-14,6070,6100,5750,5970,31747,-0.0148514851485148
2022-11-15,5970,6120,5970,6010,25134,0.0067001675041875
2022-11-16,5960,6010,5690,5750,86377,-0.0432612312811979
2022-11-17,5770,5780,5560,5650,32525,-0.017391304347826
2022-11-18,5690,5840,5630,5750,25466,0.0176991150442478
2022-11-21,5960,5960,5610,5700,31763,-0.0086956521739129
2022-11-22,5610,5760,5610,5710,12987,0.0017543859649122
2022-11-23,5700,5820,5670,5750,17127,0.0070052539404552
2022-11-24,5760,5890,5750,5810,23346,0.0104347826086956
2022-11-25,5840,5910,5780,5850,25357,0.0068846815834766
2022-11-28,5940,5940,5850,5850,24865,0.0
2022-11-29,5830,5880,5780,5850,13870,0.0
2022-11-30,5850,5970,5850,5970,29683,0.0205128205128204
2022-12-01,6000,6170,5880,6100,59744,0.0217755443886096
2022-12-02,6100,6240,6030,6200,33424,0.0163934426229508
2022-12-05,6190,6330,6160,6270,26766,0.0112903225806451
2022-12-06,6260,6330,6060,6170,35433,-0.0159489633173843
2022-12-07,6050,6290,5870,6230,53984,0.0097244732576986
2022-12-08,6230,6280,5980,6070,13068,-0.0256821829855538
2022-12-09,6010,6140,6010,6100,9794,0.0049423393739702
2022-12-12,6270,6270,6080,6200,12535,0.0163934426229508
2022-12-13,6140,6330,5950,5950,28031,-0.0403225806451612
2022-12-14,6010,6430,5980,6220,32454,0.0453781512605042
2022-12-15,6210,6340,6180,6220,13582,0.0
2022-12-16,6170,6280,6060,6190,13372,-0.0048231511254018
2022-12-19,6120,6260,6070,6130,7712,-0.0096930533117932
2022-12-20,6110,6200,5940,5970,14175,-0.0261011419249592
2022-12-21,6000,6020,5920,5920,14543,-0.0083752093802345
2022-12-22,5980,6090,5890,5890,6466,-0.0050675675675675
2022-12-23,5950,5970,5800,5920,8452,0.0050933786078097
2022-12-26,5850,5980,5850,5960,9687,0.0067567567567567
2022-12-27,5970,6030,5940,6030,7153,0.0117449664429529
2022-12-28,6030,6030,5810,5850,12591,-0.0298507462686566
2022-12-29,5820,5870,5390,5390,32434,-0.0786324786324786
2023-01-02,5390,5530,5300,5330,24235,-0.0111317254174396
2023-01-03,5360,5390,5060,5230,26687,-0.0187617260787992
2023-01-04,5230,5280,5140,5250,14867,0.0038240917782026
2023-01-05,5300,5350,5250,5330,13495,0.0152380952380952
2023-01-06,5360,5450,5310,5380,15369,0.0093808630393996
2023-01-09,5430,5600,5430,5600,12180,0.0408921933085502
2023-01-10,5600,5650,5510,5510,7874,-0.0160714285714286
2023-01-11,5560,5600,5510,5540,4892,0.0054446460980035
2023-01-12,5630,5640,5510,5620,8396,0.0144404332129963
2023-01-13,5620,5690,5620,5690,6164,0.0124555160142347
2023-01-16,5690,5770,5640,5760,11441,0.0123022847100175
2023-01-17,5760,5790,5620,5620,8424,-0.0243055555555555
2023-01-18,5620,5640,5550,5600,10567,-0.0035587188612099
2023-01-19,5570,5590,5530,5580,7724,-0.0035714285714285
2023-01-20,5560,5570,5510,5550,10374,-0.0053763440860215
2023-01-25,5580,5660,5560,5660,9943,0.0198198198198198
2023-01-26,5680,5780,5670,5760,13823,0.0176678445229681
2023-01-27,5850,5850,5740,5750,10916,-0.0017361111111111
2023-01-30,5820,5820,5740,5770,8793,0.0034782608695651
2023-01-31,5770,5870,5760,5870,19017,0.0173310225303293
2023-02-01,5870,5930,5860,5910,11089,0.0068143100511073
2023-02-02,5940,5960,5880,5920,11331,0.0016920473773265
2023-02-03,5920,5940,5880,5920,7407,0.0
2023-02-06,5920,5940,5880,5880,11266,-0.0067567567567567
2023-02-07,5930,5940,5800,5850,15803,-0.0051020408163264
2023-02-08,5900,5900,5850,5850,9329,0.0
2023-02-09,5850,5880,5810,5840,6021,-0.0017094017094017
2023-02-10,5840,5870,5780,5820,10186,-0.0034246575342465
2023-02-13,5820,5820,5750,5750,11357,-0.0120274914089346
2023-02-14,5750,5780,5730,5750,11168,0.0
2023-02-15,5770,5780,5660,5670,15732,-0.0139130434782608
2023-02-16,5670,5810,5660,5780,23174,0.0194003527336861
2023-02-17,5780,5870,5780,5850,15706,0.0121107266435986
2023-02-20,5970,5990,5880,5900,16380,0.0085470085470085
2023-02-21,5910,5950,5900,5950,14048,0.0084745762711864
2023-02-22,5930,5940,5830,5900,19608,-0.0084033613445377
2023-02-23,5890,5970,5890,5950,12953,0.0084745762711864
2023-02-24,5990,6020,5960,5990,14192,0.0067226890756302
2023-02-27,5980,5990,5910,5940,16481,-0.0083472454090149
2023-02-28,5990,6140,5990,6090,41071,0.0252525252525253
2023-03-02,6090,6140,6050,6090,25308,0.0
2023-03-03,6090,6130,5990,5990,34894,-0.0164203612479474
2023-03-06,6030,6040,5920,5980,19801,-0.0016694490818029
2023-03-07,5930,5980,5910,5970,14476,-0.0016722408026755
2023-03-08,5980,5990,5890,5890,18001,-0.0134003350083752
2023-03-09,5910,5930,5830,5840,14428,-0.0084889643463497
2023-03-10,5820,5840,5670,5700,19526,-0.023972602739726
2023-03-13,5610,5650,5480,5650,22963,-0.0087719298245614
2023-03-14,5600,5600,5240,5400,46957,-0.0442477876106194
2023-03-15,5310,5540,5310,5460,31977,0.011111111111111
2023-03-16,5460,5500,5360,5420,20676,-0.0073260073260073
2023-03-17,5430,5550,5430,5540,16933,0.0221402214022139
2023-03-20,5540,5580,5460,5500,17581,-0.0072202166064981
2023-03-21,5560,5560,5490,5510,6706,0.0018181818181817
2023-03-22,5520,5570,5460,5490,7029,-0.0036297640653357
2023-03-23,5480,5480,5350,5390,34659,-0.018214936247723
2023-03-24,5390,5450,5360,5430,14003,0.007421150278293
2023-03-27,5430,5490,5300,5360,26188,-0.012891344383057
2023-03-28,5370,5520,5370,5510,16268,0.0279850746268657
2023-03-29,5510,5600,5490,5560,18371,0.0090744101633393
2023-03-30,5600,5740,5580,5690,19992,0.0233812949640288
2023-03-31,5750,5770,5610,5610,14342,-0.0140597539543058
2023-04-03,5610,5610,5430,5450,49185,-0.0285204991087344
2023-04-04,5450,5570,5400,5470,52922,0.003669724770642
2023-04-05,5560,5560,5410,5440,25977,-0.0054844606946983
2023-04-06,5440,5470,5370,5380,25399,-0.0110294117647058
2023-04-07,5380,5490,5360,5440,21862,0.0111524163568772
2023-04-10,5440,5440,5350,5390,23030,-0.0091911764705882
2023-04-11,5390,5450,5300,5400,20114,0.0018552875695732
2023-04-12,5430,5650,5430,5600,51456,0.0370370370370369
2023-04-13,5680,5710,5450,5550,33806,-0.0089285714285713
2023-04-14,5590,5630,5520,5540,27636,-0.0018018018018017
2023-04-17,5550,5600,5490,5520,26575,-0.0036101083032491
2023-04-18,5540,5560,5350,5450,40366,-0.0126811594202898
2023-04-19,5450,5500,5440,5450,35825,0.0
2023-04-20,5450,5500,5270,5310,67712,-0.0256880733944954
2023-04-21,5260,5290,5020,5070,166042,-0.0451977401129943
2023-04-24,5130,5200,5010,5020,43516,-0.009861932938856
2023-04-25,5020,5030,4910,4975,43909,-0.0089641434262948
2023-04-26,4975,5130,4915,5120,33134,0.0291457286432161
2023-04-27,5110,5120,5000,5060,36429,-0.01171875
2023-04-28,5150,5160,4980,4985,28307,-0.0148221343873518
2023-05-02,4985,5100,4950,4980,19050,-0.0010030090270812
2023-05-03,4995,5020,4960,4960,11997,-0.0040160642570281
2023-05-04,4940,4980,4910,4950,31532,-0.0020161290322581
2023-05-08,4960,5100,4960,4980,42400,0.0060606060606061
2023-05-09,5010,5100,4985,5090,37881,0.0220883534136546
2023-05-10,5060,5280,5060,5150,42759,0.0117878192534381
2023-05-11,5160,5320,5160,5290,25406,0.0271844660194173
2023-05-12,5290,5460,5240,5410,73137,0.0226843100189035
2023-05-15,5350,5390,5200,5270,39277,-0.0258780036968576
2023-05-16,5250,5270,5090,5190,57349,-0.0151802656546489
2023-05-17,5240,5450,5170,5280,43390,0.0173410404624276
2023-05-18,5330,5390,5210,5330,43402,0.009469696969697
2023-05-19,5330,5420,5270,5300,16202,-0.0056285178236398
2023-05-22,5270,5370,5270,5290,11071,-0.0018867924528301
2023-05-23,5310,5350,5190,5260,19280,-0.0056710775047259
2023-05-24,5240,5360,5240,5290,15819,0.0057034220532319
2023-05-25,5260,5290,5230,5260,10106,-0.0056710775047259
2023-05-26,5240,5260,5130,5130,21067,-0.0247148288973384
2023-05-30,5200,5500,5160,5290,55018,0.0311890838206627
2023-05-31,5310,5350,5150,5150,22772,-0.0264650283553875
2023-06-01,5180,6690,5110,5740,6248799,0.1145631067961165
2023-06-02,5680,5810,5520,5520,722169,-0.0383275261324042
2023-06-05,5620,5710,5500,5690,399441,0.0307971014492753
2023-06-07,5810,5830,5550,5550,485975,-0.0246045694200351
2023-06-08,5650,5690,5410,5450,306444,-0.018018018018018
2023-06-09,5460,5560,5420,5500,121607,0.0091743119266054
2023-06-12,5530,5620,5480,5610,147406,0.02
2023-06-13,5610,5650,5530,5620,156678,0.0017825311942958
2023-06-14,5620,5650,5350,5440,155683,-0.0320284697508896
2023-06-15,5460,5530,5370,5470,71605,0.005514705882353
2023-06-16,5530,5550,5430,5440,52428,-0.0054844606946983
2023-06-19,5490,5540,5400,5520,56754,0.0147058823529411
2023-06-20,5520,5600,5440,5600,82796,0.0144927536231884
2023-06-21,5640,5640,5480,5520,140881,-0.0142857142857142
2023-06-22,5600,5630,5420,5430,120269,-0.0163043478260869
2023-06-23,5430,5500,5330,5390,76381,-0.007366482504604
2023-06-26,5390,5560,5300,5540,98550,0.0278293135435991
2023-06-27,5550,5590,5490,5520,47933,-0.0036101083032491
2023-06-28,5540,5570,5430,5550,58025,0.0054347826086955
2023-06-29,5550,5570,5390,5390,82208,-0.0288288288288288
2023-06-30,5400,5530,5360,5450,50179,0.0111317254174396
2023-07-03,5430,5570,5370,5570,151807,0.0220183486238532
2023-07-04,5580,5600,5500,5550,77196,-0.0035906642728904
2023-07-05,5550,5580,5440,5450,51236,-0.018018018018018
2023-07-06,5400,5590,5360,5430,74481,-0.0036697247706422
2023-07-07,5410,5420,5150,5190,140170,-0.0441988950276243
2023-07-10,5240,5400,5220,5350,59459,0.0308285163776493
2023-07-11,5320,5390,5230,5270,34514,-0.0149532710280373
2023-07-12,5300,5320,5210,5220,27998,-0.0094876660341556
2023-07-13,5230,5280,5110,5120,61470,-0.0191570881226054
2023-07-14,5120,5200,5000,5140,93286,0.00390625
2023-07-17,5150,5200,5030,5030,74090,-0.0214007782101167
2023-07-18,5070,5070,4935,4970,73109,-0.0119284294234592
2023-07-19,4970,4985,4905,4940,70290,-0.0060362173038229
2023-07-20,4900,4955,4890,4905,31732,-0.007085020242915
2023-07-21,4890,4995,4855,4900,50864,-0.001019367991845
2023-07-24,4905,4905,4705,4745,99689,-0.0316326530612245
2023-07-25,4700,4795,4665,4665,44963,-0.0168598524762908
2023-07-26,4635,4700,4355,4460,120070,-0.0439442658092176
2023-07-27,4460,4800,4460,4695,49611,0.0526905829596413
2023-07-28,4650,4745,4640,4700,21697,0.0010649627263046
2023-07-31,4705,4775,4695,4765,15081,0.0138297872340424
2023-08-01,4725,4815,4715,4785,42868,0.0041972717733473
2023-08-02,4820,4820,4650,4755,57167,-0.006269592476489
2023-08-03,4755,4755,4580,4675,38021,-0.0168243953732912
2023-08-04,4650,4680,4600,4665,28371,-0.0021390374331551
2023-08-07,4665,4725,4505,4675,57044,0.0021436227224007
2023-08-08,4625,4705,4580,4585,28306,-0.0192513368983957
2023-08-09,4565,4615,4545,4610,17495,0.005452562704471
2023-08-10,4630,4640,4555,4620,17853,0.002169197396963
2023-08-11,4670,4700,4620,4625,24842,0.001082251082251
2023-08-14,4600,4610,4510,4515,31474,-0.0237837837837837
2023-08-16,4525,4525,4200,4365,92225,-0.0332225913621262
2023-08-17,4255,4485,4195,4345,70057,-0.0045819014891179
2023-08-18,4250,4475,4250,4420,37992,0.0172612197928654
2023-08-21,4330,4455,4320,4375,23247,-0.010180995475113
2023-08-22,4395,4495,4220,4240,31555,-0.0308571428571428
2023-08-23,4260,4260,4160,4220,32651,-0.0047169811320755
2023-08-24,4215,4305,4180,4240,23653,0.0047393364928909
2023-08-25,4290,4445,4290,4375,25716,0.0318396226415094
2023-08-28,4490,4490,4330,4375,30119,0.0
2023-08-29,4415,4470,4365,4365,43612,-0.0022857142857143
2023-08-30,4550,4550,4375,4410,34369,0.0103092783505154
2023-08-31,4430,4450,4380,4380,29137,-0.0068027210884353
2023-09-01,4380,4455,4315,4400,19404,0.004566210045662
2023-09-04,4410,4460,4270,4305,41727,-0.0215909090909091
2023-09-05,4250,5120,4250,4475,884524,0.0394889663182345
2023-09-06,4475,4530,4400,4415,46935,-0.0134078212290502
2023-09-07,4415,4440,4270,4280,52205,-0.0305775764439411
2023-09-08,4250,4360,4250,4330,22774,0.0116822429906542
2023-09-11,4330,4450,4310,4320,20179,-0.0023094688221708
2023-09-12,4390,4510,4265,4315,53536,-0.0011574074074074
2023-09-13,4315,4380,4250,4260,39879,-0.0127462340672074
2023-09-14,4255,4395,4245,4255,16933,-0.0011737089201877
2023-09-15,4275,4395,4260,4325,22522,0.0164512338425382
2023-09-18,4325,4350,4255,4255,31534,-0.0161849710982658
2023-09-19,4290,4290,4210,4210,21770,-0.0105757931844888
2023-09-20,4205,4230,4185,4185,16203,-0.005938242280285
2023-09-21,4185,4185,3735,3770,235944,-0.0991636798088411
2023-09-22,3730,3820,3230,3300,570538,-0.1246684350132626
2023-09-25,3320,3440,3255,3290,142908,-0.003030303030303
2023-09-26,3220,3280,2780,2855,476268,-0.1322188449848024
2023-09-27,2850,3090,2715,3050,300620,0.0683012259194395
2023-10-04,3050,3965,3050,3965,1117280,0.3
2023-10-05,4700,5020,3700,4330,5746447,0.0920554854981083
2023-10-06,4330,4720,3970,4420,822730,0.0207852193995381
2023-10-10,4370,4450,3695,3900,407064,-0.1176470588235294
2023-10-11,4000,4940,3900,4055,2139738,0.0397435897435898
2023-10-12,4185,4370,3845,4000,580597,-0.0135635018495684
2023-10-13,3995,3995,3725,3855,263776,-0.03625
2023-10-16,3855,3855,3155,3260,574715,-0.1543450064850843
2023-10-17,3285,3400,3080,3080,318238,-0.0552147239263803
2023-10-18,3110,3150,2800,2800,219769,-0.0909090909090909
2023-10-19,2800,2800,2525,2590,338816,-0.0749999999999999
2023-10-20,2625,3080,2610,2765,411156,0.0675675675675675
2023-10-23,2765,2795,2450,2575,285536,-0.0687160940325497
2023-10-24,2700,2795,2480,2655,126387,0.0310679611650486
2023-10-25,2740,3325,2705,2830,2017932,0.0659133709981167
2023-10-26,2830,3110,2625,2845,942349,0.0053003533568904
2023-10-27,2780,3070,2705,2715,745443,-0.0456942003514938
2023-10-30,2885,3310,2840,2990,1062790,0.1012891344383057
2023-10-31,3045,3250,2890,2945,334047,-0.0150501672240802
2023-11-01,2940,3250,2810,3030,333440,0.028862478777589
2023-11-02,3030,3115,2955,3040,105739,0.0033003300330032
2023-11-03,3110,3650,3060,3435,1276049,0.1299342105263157
2023-11-06,3440,3600,3220,3230,391478,-0.0596797671033478
2023-11-07,3230,3545,3045,3105,385147,-0.0386996904024767
2023-11-08,3235,3465,3140,3170,263516,0.0209339774557166
2023-11-09,3170,3205,2970,3170,151081,0.0
2023-11-10,3170,4120,3080,4120,1693131,0.2996845425867507
2023-11-13,4500,4740,4005,4055,1691749,-0.0157766990291262
2023-11-14,4055,4695,4055,4645,830250,0.1454993834771887
2023-11-15,4605,4810,4500,4750,429000,0.0226049515608179
2023-11-16,4740,4740,4250,4640,261486,-0.0231578947368421
2023-11-17,4635,4690,4340,4600,185774,-0.0086206896551723
2023-11-20,4520,4550,3900,4095,564212,-0.1097826086956521
2023-11-21,4180,4520,3860,4255,591441,0.0390720390720391
2023-11-22,4240,4260,4000,4060,189506,-0.0458284371327849
2023-11-23,4060,4150,3930,3960,120771,-0.0246305418719211
2023-11-24,3960,3970,3800,3900,68515,-0.0151515151515151
2023-11-27,3900,3970,3710,3720,96820,-0.0461538461538461
2023-11-28,3695,3800,3600,3735,95160,0.0040322580645162
2023-11-29,3845,3845,3585,3830,49881,0.0254350736278448
2023-11-30,3895,3895,3680,3685,59331,-0.0378590078328981
2023-12-01,3730,4790,3685,4790,1210463,0.299864314789688
2023-12-04,5410,5450,4400,4470,1827249,-0.0668058455114822
2023-12-05,4435,4435,4070,4360,408268,-0.0246085011185682
2023-12-06,4245,4245,3995,4185,244420,-0.040137614678899
2023-12-07,4080,4450,4025,4080,459699,-0.025089605734767
2023-12-08,4100,4220,4025,4100,98164,0.0049019607843137
2023-12-11,4065,4190,3925,3970,138706,-0.0317073170731707
2023-12-12,3995,4055,3835,3895,105962,-0.0188916876574307
2023-12-13,3895,3930,3715,3760,80115,-0.0346598202824133
2023-12-14,3825,4050,3805,4050,101579,0.0771276595744681
2023-12-15,4050,4075,3950,3960,85733,-0.0222222222222222
2023-12-18,4020,4050,3900,4040,36033,0.0202020202020201
2023-12-19,4040,4140,3840,3950,85985,-0.0222772277227722
2023-12-20,3960,4185,3955,4020,111577,0.0177215189873418
2023-12-21,4100,4585,3995,3995,1049617,-0.0062189054726368
2023-12-22,3950,3995,3840,3915,90969,-0.0200250312891113
2023-12-26,3905,4010,3905,3920,38435,0.0012771392081736
2023-12-27,3965,3980,3750,3885,70792,-0.0089285714285713
2023-12-28,3885,3935,3765,3860,71451,-0.0064350064350063
2024-01-02,3880,4035,3880,3975,70176,0.0297927461139897
2024-01-03,4080,4080,3795,3840,64586,-0.0339622641509433
2024-01-04,3840,3885,3800,3860,15917,0.0052083333333332
2024-01-05,3850,3995,3850,3915,27083,0.0142487046632124
2024-01-08,4000,4000,3855,3920,54478,0.0012771392081736
2024-01-09,3920,3985,3885,3930,19974,0.0025510204081633
2024-01-10,3950,3950,3880,3925,24722,-0.0012722646310432
2024-01-11,3875,4000,3875,3885,85676,-0.0101910828025477
2024-01-12,3885,3990,3780,3840,57359,-0.0115830115830115
2024-01-15,3820,3860,3725,3790,63576,-0.0130208333333333
2024-01-16,3725,3790,3715,3745,34538,-0.0118733509234828
2024-01-17,3745,3760,3555,3555,77141,-0.0507343124165554
2024-01-18,3560,3665,3555,3600,16269,0.0126582278481013
2024-01-19,3605,3735,3590,3665,30196,0.0180555555555554
2024-01-22,3760,3760,3390,3585,32138,-0.0218281036834925
2024-01-23,3585,3795,3500,3610,54190,0.0069735006973501
2024-01-24,3590,3715,3500,3640,44060,0.0083102493074791
2024-01-25,3620,3725,3570,3635,30057,-0.0013736263736263
2024-01-26,3600,3630,3540,3625,14846,-0.0027510316368638
2024-01-29,3625,3670,3510,3550,24427,-0.0206896551724138
2024-01-30,3630,3785,3610,3760,64588,0.0591549295774647
2024-01-31,3695,3795,3680,3770,32314,0.002659574468085
2024-02-01,3685,3745,3665,3670,21312,-0.026525198938992
2024-02-02,3655,3750,3630,3685,19437,0.0040871934604904
2024-02-05,3770,3805,3700,3805,35656,0.0325644504748983
2024-02-06,3800,3885,3745,3755,28350,-0.0131406044678055
2024-02-07,3795,3815,3725,3755,21013,0.0
2024-02-08,3730,3900,3705,3760,10340,0.0013315579227697
2024-02-13,3790,3915,3730,3845,110488,0.0226063829787233
2024-02-14,3815,3825,3750,3820,11781,-0.0065019505851755
2024-02-15,3820,3915,3750,3845,66710,0.006544502617801
2024-02-16,3845,3955,3845,3950,43817,0.0273081924577374
2024-02-19,3950,3960,3880,3910,43133,-0.010126582278481
2024-02-20,3910,3910,3710,3780,42421,-0.0332480818414322
2024-02-21,3780,3795,3680,3725,41299,-0.0145502645502645
2024-02-22,3735,3765,3550,3720,34885,-0.0013422818791946
2024-02-23,3720,3740,3560,3610,27039,-0.0295698924731182
2024-02-26,3610,3625,3540,3565,17780,-0.0124653739612188
2024-02-27,3565,3565,3440,3515,41775,-0.0140252454417952
2024-02-28,3505,3565,3475,3545,49529,0.0085348506401137
2024-02-29,3560,3565,3510,3515,21376,-0.008462623413258
2024-03-04,3515,3535,3460,3475,34858,-0.0113798008534851
2024-03-05,3475,3495,3355,3365,32150,-0.0316546762589927
2024-03-06,3365,3385,3350,3370,24533,0.0014858841010401
2024-03-07,3370,3430,3350,3375,33065,0.0014836795252226
2024-03-08,3375,3375,3275,3280,29486,-0.0281481481481481
2024-03-11,3295,3425,3285,3385,18660,0.0320121951219511
2024-03-12,3365,3405,3345,3350,18058,-0.0103397341211225
2024-03-13,3400,3400,3330,3355,11103,0.0014925373134329
2024-03-14,3380,3380,3200,3290,35354,-0.0193740685543963
2024-03-15,3270,3290,3210,3250,9304,-0.0121580547112462
2024-03-18,3245,3310,3240,3290,12931,0.0123076923076923
2024-03-19,3290,3310,3245,3245,11970,-0.013677811550152
2024-03-20,3245,3310,3230,3250,17169,0.0015408320493066
2024-03-21,3280,3280,3205,3250,24993,0.0
2024-03-22,3270,3270,3180,3190,30368,-0.0184615384615384
2024-03-25,3175,3190,3110,3150,29793,-0.012539184952978
2024-03-26,3150,3150,3030,3095,38362,-0.0174603174603175
2024-03-27,3095,3150,3085,3150,34040,0.0177705977382875
2024-03-28,3185,3215,3050,3065,29108,-0.026984126984127
2024-03-29,3065,3160,3020,3160,28784,0.030995106035889
2024-04-01,3175,3225,3095,3160,38644,0.0
2024-04-02,3230,3230,3150,3195,10011,0.0110759493670886
2024-04-03,3175,3175,3080,3115,13218,-0.0250391236306729
2024-04-04,3095,3130,3065,3115,22244,0.0
2024-04-05,3115,3120,3040,3110,14605,-0.001605136436597
2024-04-08,3085,3115,3030,3080,14345,-0.0096463022508038
2024-04-09,3075,3075,3020,3075,17927,-0.0016233766233766
2024-04-11,3075,3075,3000,3000,22202,-0.024390243902439
2024-04-12,3000,3000,2900,2965,11995,-0.0116666666666667
2024-04-15,2965,2970,2870,2910,41939,-0.0185497470489038
2024-04-16,2895,3610,2775,3080,604914,0.0584192439862543
2024-04-17,3140,3145,2935,3135,49865,0.0178571428571427
2024-04-18,3135,3135,2995,3090,22561,-0.0143540669856458
2024-04-19,3090,3090,2880,3000,26465,-0.0291262135922329
2024-04-22,3000,3000,2920,2920,21961,-0.0266666666666666
2024-04-23,2920,3010,2920,2945,16424,0.0085616438356164
2024-04-24,2945,2975,2905,2975,12579,0.0101867572156197
2024-04-25,2915,2965,2915,2960,6423,-0.0050420168067226
2024-04-26,2950,2995,2930,2985,16833,0.008445945945946
2024-04-29,2985,2985,2920,2940,12900,-0.015075376884422
2024-04-30,2940,2990,2920,2980,29261,0.0136054421768707
2024-05-02,2980,2995,2910,2945,7032,-0.0117449664429529
2024-05-03,2920,2975,2915,2975,8248,0.0101867572156197
2024-05-07,2945,2990,2945,2960,6883,-0.0050420168067226
2024-05-08,2965,3000,2930,2960,7822,0.0
2024-05-09,2990,2990,2930,2980,7943,0.0067567567567567
2024-05-10,2995,3010,2955,2985,5402,0.0016778523489933
2024-05-13,2985,3000,2940,2955,14975,-0.0100502512562814
2024-05-14,2940,3030,2930,3000,10384,0.015228426395939
2024-05-16,3015,3025,2980,3025,14817,0.0083333333333333
2024-05-17,3025,3060,2970,2970,46768,-0.0181818181818181
2024-05-20,2970,3005,2925,2960,11234,-0.0033670033670033
2024-05-21,2960,3150,2935,3000,35567,0.0135135135135135
2024-05-22,3015,3100,2955,3000,27722,0.0
2024-05-23,3000,3040,2920,3035,19711,0.0116666666666667
2024-05-24,3035,3070,2965,2970,14602,-0.0214168039538714
2024-05-27,2970,2980,2930,2940,15143,-0.01010101010101
2024-05-28,2955,3000,2935,2950,7657,0.0034013605442175
2024-05-29,2995,3060,2955,3025,10139,0.0254237288135592
2024-05-30,3025,3025,2870,2870,41953,-0.0512396694214876
2024-05-31,2870,2930,2855,2900,17037,0.0104529616724737
2024-06-03,2915,2915,2885,2890,4686,-0.0034482758620689
2024-06-04,2900,2915,2810,2895,6167,0.0017301038062282
2024-06-05,2875,2940,2865,2910,16471,0.005181347150259
2024-06-07,2910,2910,2825,2850,27708,-0.0206185567010309
2024-06-10,2850,2850,2755,2850,21079,0.0
2024-06-11,2865,2865,2795,2815,16739,-0.012280701754386
2024-06-12,2840,2840,2740,2785,17828,-0.0106571936056838
2024-06-13,2810,2985,2810,2870,26892,0.030520646319569
2024-06-14,2870,2945,2820,2880,10360,0.0034843205574912
2024-06-17,2880,2990,2880,2980,25285,0.0347222222222223
2024-06-18,2950,2980,2740,2890,28381,-0.0302013422818792
2024-06-19,2890,2910,2875,2910,6084,0.0069204152249136
2024-06-20,2900,2950,2885,2935,14017,0.0085910652920961
2024-06-21,2935,2950,2895,2915,13206,-0.0068143100511073
2024-06-24,2900,2950,2900,2950,6253,0.0120068610634649
2024-06-25,2950,2995,2950,2955,11317,0.0016949152542373
2024-06-26,2955,2955,2930,2930,14804,-0.0084602368866327
2024-06-27,2945,3070,2935,3035,32124,0.0358361774744027
2024-06-28,3005,3035,2985,3010,14027,-0.0082372322899505
2024-07-01,2975,3020,2975,3010,6900,0.0
2024-07-02,2980,3005,2950,2950,9510,-0.0199335548172757
2024-07-03,2895,3000,2895,2950,14080,0.0
2024-07-04,2930,2975,2930,2960,6188,0.0033898305084745
2024-07-05,2975,3005,2955,2995,4072,0.0118243243243243
2024-07-08,3025,3035,2980,3000,3148,0.0016694490818029
2024-07-09,3030,3035,2975,2990,9705,-0.0033333333333332
2024-07-10,2990,3015,2975,3010,7765,0.0066889632107023
2024-07-11,2995,3060,2945,3015,7744,0.0016611295681063
2024-07-12,2990,3020,2975,3010,3501,-0.0016583747927031
2024-07-15,2985,3030,2985,3030,3854,0.0066445182724252
2024-07-16,3000,3015,2975,2990,7696,-0.0132013201320132
2024-07-17,2960,3040,2960,3000,21902,0.0033444816053511
2024-07-18,2975,3060,2970,3020,20789,0.0066666666666665
2024-07-19,3020,3020,2965,2965,3328,-0.0182119205298013
2024-07-22,2980,3060,2820,2835,51989,-0.0438448566610455
2024-07-23,2830,2850,2825,2835,7183,0.0
2024-07-24,2850,2865,2810,2835,7665,0.0
2024-07-25,2845,2880,2795,2820,20128,-0.0052910052910053
2024-07-26,2820,2830,2815,2815,4809,-0.00177304964539
2024-07-29,2815,2830,2800,2820,13941,0.0017761989342806
2024-07-30,2790,2870,2705,2745,19097,-0.026595744680851
2024-07-31,2745,2800,2730,2800,7810,0.0200364298724955
2024-08-01,2800,2805,2780,2790,5049,-0.0035714285714285
2024-08-02,2785,2785,2745,2745,4981,-0.0161290322580645
2024-08-05,2755,2890,2525,2800,62622,0.0200364298724955
2024-08-06,2715,2775,2685,2710,29264,-0.0321428571428571
2024-08-07,2725,2745,2700,2735,7881,0.0092250922509224
2024-08-08,2750,2750,2695,2705,6328,-0.0109689213893967
2024-08-09,2710,2725,2700,2725,9260,0.0073937153419594
2024-08-12,2735,2735,2680,2690,6357,-0.0128440366972476
2024-08-13,2690,2720,2670,2695,9416,0.0018587360594795
2024-08-14,2710,2915,2670,2730,38946,0.0129870129870128
2024-08-16,2890,2975,2755,2935,46379,0.075091575091575
2024-08-19,2995,2995,2905,2915,18872,-0.0068143100511073
2024-08-20,2915,2935,2905,2920,3848,0.0017152658662091
2024-08-21,2935,2940,2890,2940,12145,0.0068493150684931
2024-08-22,2920,2975,2885,2910,7930,-0.010204081632653
2024-08-23,2900,2940,2885,2905,5726,-0.0017182130584192
2024-08-26,2875,2920,2805,2805,7685,-0.0344234079173838
2024-08-27,2805,2870,2800,2870,10358,0.0231729055258467
2024-08-28,2870,2935,2790,2805,7579,-0.0226480836236934
2024-08-29,2810,2810,2765,2805,2790,0.0
2024-08-30,2805,2825,2775,2825,3610,0.0071301247771835
2024-09-02,2800,2815,2780,2785,4253,-0.0141592920353982
2024-09-03,2800,2830,2785,2830,3214,0.0161579892280072
2024-09-04,2770,2845,2735,2760,22185,-0.0247349823321554
2024-09-05,2760,2760,2705,2720,9822,-0.0144927536231883
2024-09-06,2735,2735,2585,2660,20577,-0.0220588235294117
2024-09-09,2540,2660,2535,2635,10242,-0.0093984962406015
2024-09-10,2635,2700,2635,2700,2968,0.0246679316888045
2024-09-11,2675,2700,2670,2670,2095,-0.011111111111111
2024-09-12,2670,2910,2670,2775,10263,0.0393258426966292
2024-09-13,2785,2850,2785,2825,4799,0.018018018018018
2024-09-19,2795,2855,2780,2835,10959,0.0035398230088494
2024-09-20,2850,2870,2800,2860,5807,0.0088183421516754
2024-09-23,2860,2970,2860,2920,17897,0.020979020979021
2024-09-24,2920,2995,2895,2995,20824,0.0256849315068492
2024-09-25,2995,3020,2895,2985,22655,-0.0033388981636059
2024-09-26,2970,2995,2910,2970,8632,-0.0050251256281407
2024-09-27,2940,2970,2915,2915,5107,-0.0185185185185184
2024-09-30,2930,2945,2915,2945,6496,0.0102915951972555
2024-10-02,2930,2930,2840,2840,9750,-0.0356536502546689
2024-10-04,2840,2870,2755,2850,4073,0.0035211267605634
2024-10-07,2825,2850,2800,2800,3002,-0.0175438596491228
2024-10-08,2810,2825,2800,2805,3412,0.0017857142857142
2024-10-10,2805,2820,2805,2815,6252,0.0035650623885918
2024-10-11,2830,2830,2795,2830,1430,0.0053285968028418
2024-10-14,2830,2845,2740,2740,7096,-0.0318021201413427
2024-10-15,2740,2775,2720,2740,5783,0.0
2024-10-16,2740,2755,2715,2745,5401,0.0018248175182482
2024-10-17,2725,2740,2705,2740,5264,-0.0018214936247723
2024-10-18,2740,2755,2700,2735,5312,-0.0018248175182481
2024-10-21,2735,2735,2695,2735,13875,0.0
2024-10-22,2735,2770,2735,2735,6051,0.0
2024-10-23,2750,2750,2655,2675,9233,-0.0219378427787934
2024-10-24,2670,2730,2475,2595,116321,-0.0299065420560747
2024-10-25,2595,2630,2550,2570,7014,-0.0096339113680153
2024-10-28,2570,2585,2540,2565,16985,-0.0019455252918287
2024-10-29,2585,2585,2540,2575,19052,0.0038986354775829
2024-10-30,2575,2590,2525,2580,15460,0.0019417475728156
2024-10-31,2575,2575,2525,2555,7972,-0.0096899224806201
2024-11-01,2570,2740,2550,2665,23542,0.0430528375733856
2024-11-04,2640,2665,2550,2630,11540,-0.0131332082551595
2024-11-05,2630,2685,2630,2680,1963,0.0190114068441065
2024-11-06,2680,2695,2650,2650,1807,-0.0111940298507462
2024-11-07,2680,2680,2645,2680,1357,0.0113207547169811
2024-11-08,2655,2680,2565,2565,4630,-0.042910447761194
2024-11-11,2565,2580,2525,2525,8144,-0.0155945419103313
2024-11-12,2525,2540,2475,2540,28810,0.0059405940594059
2024-11-13,2510,2550,2470,2505,16699,-0.013779527559055
2024-11-14,2520,2545,2490,2540,8811,0.0139720558882234
2024-11-15,2520,2555,2490,2550,13937,0.0039370078740157
2024-11-18,2550,2550,2425,2490,29322,-0.0235294117647059
2024-11-19,2465,2500,2455,2485,21509,-0.002008032128514
2024-11-20,2500,2500,2465,2490,6339,0.0020120724346075
2024-11-21,2490,2615,2460,2500,11932,0.0040160642570281
2024-11-22,2500,2500,2460,2460,10257,-0.016
2024-11-25,2460,2475,2400,2420,16939,-0.0162601626016259
2024-11-26,2435,2475,2430,2475,13057,0.0227272727272727
2024-11-27,2475,2485,2430,2445,17057,-0.012121212121212
2024-11-28,2445,2450,2420,2450,5759,0.0020449897750511
2024-11-29,2460,2460,2400,2425,7233,-0.010204081632653
2024-12-02,2405,2425,2360,2375,17170,-0.0206185567010309
2024-12-03,2375,2390,2340,2385,13740,0.0042105263157894
2024-12-04,2380,2380,2310,2325,11031,-0.0251572327044025
2024-12-05,2325,2335,2290,2295,8963,-0.0129032258064516
2024-12-06,2300,2305,2245,2280,16730,-0.0065359477124182
2024-12-09,2170,2275,2170,2200,17447,-0.0350877192982456
2024-12-10,2160,2225,2160,2225,13554,0.0113636363636364
2024-12-11,2225,2310,2225,2310,7466,0.0382022471910112
2024-12-12,2310,2320,2280,2315,5144,0.0021645021645022
2024-12-13,2315,2325,2260,2325,3937,0.0043196544276458
2024-12-16,2325,2345,2285,2295,7157,-0.0129032258064516
2024-12-17,2310,2400,2245,2260,23987,-0.0152505446623093
2024-12-18,2255,2320,2250,2310,7757,0.0221238938053096
2024-12-19,2310,2310,2265,2280,7115,-0.0129870129870129
2024-12-20,2295,2305,2230,2245,9130,-0.0153508771929824
2024-12-23,2240,2270,2240,2240,5452,-0.0022271714922048
2024-12-24,2240,2255,2230,2250,2608,0.0044642857142858
2024-12-26,2225,2250,2210,2230,2183,-0.0088888888888888
2024-12-27,2210,2230,2210,2210,3731,-0.0089686098654708
2024-12-30,2225,2400,2200,2210,11528,0.0
2025-01-02,2215,2235,2205,2215,10196,0.002262443438914
2025-01-03,2215,2380,2215,2270,13869,0.0248306997742664
2025-01-06,2170,2315,2170,2310,14614,0.0176211453744492
2025-01-07,2310,2380,2290,2365,3584,0.0238095238095237
2025-01-08,2365,2375,2320,2370,13236,0.0021141649048626
2025-01-09,2370,2370,2335,2340,2027,-0.0126582278481012
2025-01-10,2350,2380,2335,2375,2321,0.0149572649572649
2025-01-13,2380,2390,2335,2385,3685,0.0042105263157894
2025-01-14,2365,2385,2305,2385,4395,0.0
2025-01-15,2345,2380,2330,2370,3846,-0.0062893081761006
2025-01-16,2370,2385,2345,2385,3729,0.0063291139240506
2025-01-17,2395,2395,2340,2365,296,-0.0083857442348008
2025-01-20,2365,2570,2295,2295,63581,-0.0295983086680761
2025-01-21,2345,2565,2300,2350,37337,0.0239651416122004
2025-01-22,2350,2365,2315,2325,4485,-0.0106382978723403
2025-01-23,2320,2350,2315,2350,985,0.010752688172043
2025-01-24,2350,2365,2320,2355,2083,0.0021276595744681
2025-01-31,2310,2365,2255,2275,9241,-0.0339702760084925
2025-02-03,2290,2290,2180,2235,5030,-0.0175824175824176
2025-02-04,2235,2250,2190,2200,5836,-0.0156599552572707
2025-02-05,2215,2215,2195,2200,2635,0.0
2025-02-06,2215,2225,2215,2215,1226,0.0068181818181818
2025-02-07,2195,2240,2160,2175,8692,-0.0180586907449209
2025-02-10,2190,2355,2165,2350,23929,0.0804597701149425
2025-02-11,2350,2390,2260,2280,18934,-0.0297872340425532
2025-02-12,2265,2275,2230,2230,15603,-0.0219298245614034
2025-02-13,2230,2270,2225,2270,5221,0.0179372197309417
2025-02-14,2270,2340,2240,2240,7556,-0.0132158590308369
2025-02-17,2255,2265,2240,2265,5234,0.0111607142857141
2025-02-18,2250,2350,2190,2265,13576,0.0
2025-02-19,2240,2325,2230,2310,5074,0.0198675496688742
2025-02-20,2310,2320,2240,2245,5105,-0.0281385281385281
2025-02-21,2245,2375,2240,2285,10149,0.0178173719376391
2025-02-24,2255,2280,2255,2280,3165,-0.0021881838074397
2025-02-25,2295,2305,2245,2300,1536,0.0087719298245614
2025-02-26,2280,2370,2265,2345,16408,0.0195652173913043
2025-02-27,2345,2760,2295,2740,199124,0.1684434968017056
2025-02-28,2710,2710,2455,2510,74928,-0.083941605839416
2025-03-04,2510,2640,2370,2520,24867,0.0039840637450199
2025-03-05,2500,2545,2425,2435,8722,-0.0337301587301587
2025-03-06,2545,2545,2410,2475,5188,0.0164271047227926
2025-03-07,2445,2475,2375,2375,5726,-0.0404040404040404
2025-03-10,2375,2375,2325,2325,10274,-0.0210526315789473
2025-03-11,2340,2490,2275,2475,18614,0.064516129032258
2025-03-12,2475,2495,2420,2435,1625,-0.0161616161616161
2025-03-13,2435,2470,2400,2400,5784,-0.0143737166324435
2025-03-14,2375,2375,2265,2335,11497,-0.0270833333333333
2025-03-17,2335,2410,2220,2340,17894,0.0021413276231263
2025-03-18,2340,2350,2270,2330,2280,-0.0042735042735042
2025-03-19,2325,2325,2260,2275,23510,-0.0236051502145923
2025-03-20,2260,2290,2260,2270,8999,-0.0021978021978021
2025-03-21,2270,2295,2255,2255,10535,-0.0066079295154185
2025-03-24,2210,2255,2165,2165,26612,-0.0399113082039911
2025-03-25,2160,2245,2115,2245,30838,0.0369515011547343
2025-03-26,2245,2245,2155,2235,16709,-0.0044543429844098
2025-03-27,2230,2230,2200,2205,12370,-0.0134228187919462
2025-03-28,2190,2205,2120,2180,7877,-0.0113378684807256
2025-03-31,2165,2180,2115,2140,11571,-0.018348623853211
2025-04-01,2195,2405,2180,2200,56100,0.0280373831775699
2025-04-02,2200,2220,2195,2220,5333,0.009090909090909
2025-04-03,2200,2275,2195,2240,4217,0.0090090090090089
2025-04-04,2255,2305,2220,2305,8334,0.0290178571428572
2025-04-07,2305,2345,2235,2235,9913,-0.0303687635574837
2025-04-08,2235,2415,2235,2295,6759,0.0268456375838925
2025-04-09,2295,2300,2240,2240,3905,-0.0239651416122004
2025-04-10,2255,2290,2255,2290,5205,0.0223214285714286
2025-04-11,2295,2305,2260,2295,2751,0.002183406113537
2025-04-14,2295,2350,2270,2350,5563,0.0239651416122004
2025-04-15,2335,2350,2245,2290,8299,-0.025531914893617
2025-04-16,2290,2330,2270,2330,3229,0.0174672489082969
2025-04-17,2330,2365,2295,2330,3403,0.0
2025-04-18,2330,2355,2295,2325,7473,-0.0021459227467811
2025-04-21,2325,2350,2305,2335,1032,0.0043010752688172
2025-04-22,2335,2335,2270,2310,3985,-0.0107066381156316
2025-04-23,2295,2325,2280,2290,5090,-0.0086580086580086
2025-04-24,2290,2460,2290,2435,19129,0.0633187772925765
2025-04-25,2415,2445,2360,2365,6443,-0.028747433264887
2025-04-28,2365,2410,2340,2380,2834,0.0063424947145878
2025-04-29,2370,2400,2370,2390,4505,0.0042016806722688
2025-04-30,2390,2390,2335,2340,4849,-0.0209205020920502
2025-05-02,2355,2380,2310,2350,1998,0.0042735042735042
2025-05-07,2350,2475,2295,2345,20562,-0.002127659574468
2025-05-08,2360,2435,2335,2435,12729,0.0383795309168444
2025-05-09,2395,2455,2340,2340,11167,-0.0390143737166324
2025-05-12,2340,2530,2340,2485,15102,0.0619658119658119
2025-05-13,2445,2485,2435,2440,17507,-0.0181086519114688
2025-05-14,2455,2505,2450,2490,13712,0.0204918032786884
2025-05-15,2490,2530,2355,2455,6393,-0.0140562248995983
2025-05-16,2450,2595,2445,2595,28228,0.0570264765784114
2025-05-19,2530,2680,2530,2650,17271,0.0211946050096338
2025-05-20,2650,2660,2600,2615,13440,-0.0132075471698113
2025-05-21,2610,2650,2585,2645,3538,0.0114722753346079
2025-05-22,2670,2675,2635,2645,5883,0.0
2025-05-23,2660,2660,2635,2635,3226,-0.0037807183364839
2025-05-26,2635,2775,2620,2620,22909,-0.0056925996204933
2025-05-27,2620,2650,2575,2575,7904,-0.0171755725190839
2025-05-28,2550,2640,2540,2575,4062,0.0
2025-05-29,2590,2610,2435,2575,15544,0.0
2025-05-30,2705,3345,2580,3345,938610,0.2990291262135922
2025-06-02,4100,4345,3030,3100,6319782,-0.0732436472346785
2025-06-04,3140,3185,2905,3075,515549,-0.0080645161290322
2025-06-05,3055,3095,2930,3000,232430,-0.024390243902439
2025-06-09,2950,2955,2845,2950,183419,-0.0166666666666667
2025-06-10,2900,2980,2855,2945,111322,-0.0016949152542372
2025-06-11,2945,2945,2850,2910,99283,-0.0118845500848896
2025-06-12,2910,2935,2870,2890,61412,-0.0068728522336769
2025-06-13,2920,2920,2815,2850,71154,-0.0138408304498269
2025-06-16,2850,2880,2805,2850,42291,0.0
2025-06-17,2850,2910,2805,2845,51072,-0.0017543859649122
2025-06-18,2845,2855,2780,2805,61280,-0.0140597539543058
2025-06-19,2805,2820,2735,2760,75893,-0.016042780748663
2025-06-20,2770,2770,2705,2750,28438,-0.0036231884057971
2025-06-23,2740,2740,2620,2655,63886,-0.0345454545454545
2025-06-24,2675,2720,2655,2700,41914,0.0169491525423728
2025-06-25,2700,2735,2665,2720,23013,0.0074074074074073
2025-06-26,2730,2730,2660,2670,31186,-0.0183823529411765
2025-06-27,2720,2760,2600,2620,62621,-0.0187265917602996
2025-06-30,2660,2680,2570,2570,24305,-0.0190839694656488
2025-07-01,2570,2880,2570,2660,341111,0.0350194552529183
2025-07-02,2690,2720,2605,2705,40180,0.0169172932330827
2025-07-03,2680,2730,2665,2710,20020,0.0018484288354898
2025-07-04,2710,2760,2680,2720,15028,0.0036900369003689
2025-07-07,2760,2775,2700,2730,18992,0.0036764705882352
2025-07-08,2695,2740,2675,2710,8796,-0.0073260073260073
2025-07-09,2710,2720,2660,2680,10205,-0.0110701107011069
2025-07-10,2710,2720,2650,2685,14008,0.001865671641791
2025-07-11,2685,2740,2670,2690,10134,0.0018621973929235
2025-07-14,2670,2860,2670,2800,96149,0.0408921933085502
2025-07-15,2860,2890,2800,2835,83120,0.0124999999999999
2025-07-16,2835,2845,2785,2820,34761,-0.0052910052910053
2025-07-17,2835,2860,2790,2835,14928,0.0053191489361701
2025-07-18,2815,2850,2775,2780,15870,-0.0194003527336861
2025-07-21,2780,2815,2760,2770,10758,-0.0035971223021582
2025-07-22,2840,2840,2730,2730,29720,-0.0144404332129963
2025-07-23,2745,2820,2700,2745,18571,0.0054945054945054
2025-07-24,2820,2820,2700,2715,24340,-0.0109289617486338
2025-07-25,2790,2790,2655,2665,29024,-0.01841620626151
2025-07-28,2665,2695,2600,2640,16412,-0.0093808630393996
2025-07-29,2645,2700,2610,2645,10566,0.0018939393939394
2025-07-30,2615,2695,2615,2675,9013,0.0113421550094519
2025-07-31,2675,2675,2580,2610,33177,-0.0242990654205607
2025-08-01,2595,2615,2540,2585,23627,-0.0095785440613026
2025-08-04,2550,2585,2520,2540,15229,-0.0174081237911025
2025-08-05,2520,2650,2520,2645,15935,0.0413385826771652
2025-08-06,2645,2660,2570,2610,7390,-0.0132325141776937
2025-08-07,2610,2710,2570,2570,30703,-0.0153256704980843
2025-08-08,2580,2655,2535,2555,15491,-0.0058365758754863
2025-08-11,2580,2615,2520,2550,12910,-0.0019569471624266
2025-08-12,2520,2550,2240,2450,229530,-0.0392156862745097
2025-08-13,2450,2480,2420,2460,22683,0.0040816326530612
2025-08-14,2465,2465,2350,2400,28210,-0.024390243902439
2025-08-18,2405,2500,2380,2420,57485,0.0083333333333333
2025-08-19,2420,2460,2305,2385,43892,-0.0144628099173553
2025-08-20,2355,2480,2345,2480,26223,0.0398322851153039
2025-08-21,2485,2490,2305,2335,64227,-0.0584677419354838
2025-08-22,2340,2435,2340,2425,12112,0.0385438972162741
2025-08-25,2425,2455,2380,2380,18849,-0.0185567010309278
2025-08-26,2380,2425,2345,2345,14279,-0.0147058823529411
2025-08-27,2350,2490,2345,2460,16241,0.0490405117270789
2025-08-28,2460,2490,2405,2430,9806,-0.0121951219512195
2025-08-29,2495,2495,2365,2370,10973,-0.0246913580246913
2025-09-01,2370,2450,2340,2345,18660,-0.010548523206751
2025-09-02,2345,2445,2330,2340,13466,-0.0021321961620469
2025-09-03,2360,2435,2340,2370,6356,0.0128205128205127
2025-09-04,2370,2455,2365,2385,2791,0.0063291139240506
2025-09-05,2385,2395,2345,2370,17889,-0.0062893081761006
2025-09-08,2370,2400,2310,2350,24186,-0.0084388185654008
2025-09-09,2350,2400,2320,2385,21568,0.0148936170212765
2025-09-10,2385,2440,2355,2420,14903,0.0146750524109013
2025-09-11,2420,2465,2400,2450,8285,0.0123966942148761
2025-09-12,2450,2465,2425,2450,7076,0.0
2025-09-15,2425,2475,2365,2470,19715,0.0081632653061225
2025-09-16,2470,2485,2305,2425,25097,-0.0182186234817813
2025-09-17,2425,2435,2370,2375,6282,-0.0206185567010309
2025-09-18,2375,2400,2320,2375,7246,0.0
2025-09-19,2375,2425,2375,2405,8470,0.0126315789473683
2025-09-22,2405,2405,2325,2400,9839,-0.002079002079002
2025-09-23,2380,2400,2330,2375,16586,-0.0104166666666666
2025-09-24,2375,2385,2325,2330,15287,-0.0189473684210526
2025-09-25,2330,2335,2320,2320,8303,-0.0042918454935622
2025-09-26,2320,2350,2300,2325,16210,0.0021551724137931
2025-09-29,2325,2420,2325,2335,9587,0.0043010752688172
2025-09-30,2360,2360,2320,2320,7981,-0.006423982869379
2025-10-01,2320,2350,2300,2315,16255,-0.0021551724137931
2025-10-02,2315,2340,2315,2320,9694,0.0021598272138227
2025-10-10,2320,2345,2300,2345,21865,0.0107758620689655
2025-10-13,2335,2340,2290,2335,18775,-0.0042643923240938
2025-10-14,2325,2325,2300,2310,11300,-0.0107066381156316
2025-10-15,2310,2310,2290,2310,16010,0.0
2025-10-16,2310,2335,2295,2320,12361,0.0043290043290042
2025-10-17,2320,2345,2295,2325,14101,0.0021551724137931
2025-10-20,2325,2325,2285,2315,11317,-0.0043010752688171
2025-10-21,2310,2310,2280,2290,16517,-0.0107991360691144
2025-10-22,2280,2325,2215,2280,28902,-0.0043668122270742
2025-10-23,2255,2265,2200,2240,20658,-0.0175438596491228
2025-10-24,2240,2250,2220,2230,18683,-0.0044642857142856
2025-10-27,2230,2330,2200,2225,26841,-0.0022421524663677
2025-10-28,2240,2260,2225,2245,14228,0.0089887640449437
2025-10-29,2245,2310,2220,2295,35025,0.022271714922049
2025-10-30,2305,2360,2245,2260,24651,-0.0152505446623093
2025-10-31,2240,2320,2205,2285,22407,0.0110619469026549
2025-11-03,2285,2335,2205,2260,54281,-0.010940919037199
2025-11-04,2260,2325,2225,2235,18996,-0.0110619469026548
2025-11-05,2280,2280,2220,2275,36729,0.0178970917225951
2025-11-06,2270,2285,2245,2255,17196,-0.0087912087912087
2025-11-07,2255,2345,2230,2290,55777,0.0155210643015522
2025-11-10,2290,2390,2265,2355,25928,0.0283842794759825
2025-11-11,2355,2395,2310,2345,18380,-0.0042462845010615
2025-11-12,2345,2400,2315,2360,7510,0.0063965884861407
2025-11-13,2355,2395,2340,2340,14742,-0.0084745762711864
2025-11-14,2380,2380,2280,2300,24166,-0.0170940170940171
2025-11-17,2320,2430,2305,2325,57296,0.0108695652173913
2025-11-18,2325,2455,2325,2345,25287,0.0086021505376343
2025-11-19,2345,2400,2325,2390,16894,0.0191897654584221
2025-11-20,2430,2430,2405,2425,13414,0.0146443514644352
2025-11-21,2425,2440,2395,2400,7172,-0.0103092783505154
2025-11-24,2410,2450,2335,2405,14580,0.0020833333333334
2025-11-25,2455,2455,2395,2410,11106,0.002079002079002
2025-11-26,2410,2415,2370,2380,7757,-0.0124481327800829
2025-11-27,2385,2470,2355,2420,17529,0.0168067226890755
2025-11-28,2420,2455,2385,2405,26405,-0.006198347107438
2025-12-01,2475,2475,2405,2420,8743,0.0062370062370062
2025-12-02,2480,2480,2400,2420,9133,0.0
2025-12-03,2455,2455,2410,2440,6880,0.0082644628099173
2025-12-04,2450,2450,2385,2430,12604,-0.0040983606557376
2025-12-05,2445,2445,2390,2415,8203,-0.0061728395061728
2025-12-08,2415,2450,2415,2440,11769,0.0103519668737059
2025-12-09,2450,2450,2385,2405,16964,-0.014344262295082011
2025-12-10,2405,2440,2375,2435,10875,0.012474012474012364
2025-12-11,2440,2440,2400,2405,6119,-0.012320328542094416
2025-12-12,2430,2430,2390,2405,10954,0.0
2025-12-15,2405,2430,2395,2420,5550,0.006237006237006293
